{"format_version":"1.10.0","minecraft:client_entity":{"description":{"animations":{"root":"TF"},"geometry":{"default":"geometry.dot"},"identifier":"chemical:chemical_thrown","materials":{"default":"spider"},"min_engine_version":"1.8.0","render_controllers":["controller.render.skeleton"],"scripts":{"animate":["root"],"pre_animation":["variable.random = math.round(math.random(0,3));","variable.attack = Math.sin(variable.attack_time * 30.0);","variable.attack_var = variable.attack_var;"],"scale":"1.3"},"spawn_egg":{"texture":"tf","texture_index":0},"textures":{"default":"UNKNOWN"}}}}