{"format_version":"1.10.0","minecraft:client_entity":{"description":{"animations":{"root":"animation.tower.def"},"geometry":{"default":"geometry.tower"},"identifier":"end:tower","materials":{"default":"spider"},"min_engine_version":"1.8.0","render_controllers":["controller.render.skeleton"],"scripts":{"animate":["root"],"pre_animation":["variable.random = math.round(math.random(0,3));","variable.attack = Math.sin(variable.attack_time * 30.0);","variable.attack_var = variable.attack_var;"],"scale":"1.5"},"spawn_egg":{"base_color":"#836283","overlay_color":"#666282"},"textures":{"default":"textures/entity/tower"}}}}