{"format_version":"1.10.0","minecraft:client_entity":{"description":{"animations":{"attack":"animation.ender_golem.attack","attack2":"animation.ender_golem.attack2","general":"animation.ender_golem.general","move":"animation.ender_golem.move","one":"animation.ender_golem.going_crazy","root":"controller.animation.egolem.general"},"geometry":{"default":"geometry.ender_golem"},"identifier":"ender:ender_golem","materials":{"default":"spider"},"min_engine_version":"1.8.0","render_controllers":["controller.render.skeleton"],"scripts":{"animate":["root"],"pre_animation":["variable.random = math.round(math.random(0,3));","variable.attack = Math.sin(variable.attack_time * 30.0);","variable.attack_var = variable.attack_var;"],"scale":"1.3"},"spawn_egg":{"base_color":"#837193","overlay_color":"#666220"},"textures":{"default":"textures/entity/ender_golem"}}}}