{"format_version":"1.10.0","minecraft:client_entity":{"description":{"animations":{"attack":"animation.gun_man.attack","general":"animation.gun_man.general","move":"animation.gun_man.move","root":"controller.animation.gun_man.general","shoot":"animation.gun_man.shoot"},"geometry":{"default":"geometry.gun_man"},"identifier":"gun:gun_man","materials":{"default":"spider"},"min_engine_version":"1.8.0","render_controllers":["controller.render.skeleton"],"scripts":{"animate":["root",{"shoot":"query.has_target"}],"pre_animation":["variable.random = math.round(math.random(0,3));","variable.attack = Math.sin(variable.attack_time * 30.0);","variable.attack_var = variable.attack_var;"],"scale":"1"},"spawn_egg":{"base_color":"#831193","overlay_color":"#948200"},"textures":{"default":"textures/entity/gun_man"}}}}