{"format_version":"1.10.0","minecraft:client_entity":{"description":{"animations":{"4_arm":"animation.mutantenderman.4_hand","ar_hurt":"animation.mutantenderman_ar.hit","attack":"animation.mutantenderman.attack","attack2":"animation.mutantenderman.attack2","blocks":"animation.mutantenderman.blocks","blocks2":"animation.mutantenderman.blocks2","general":"animation.mutantenderman.general","move":"animation.mutantenderman.move","r_roar":"animation.mutantenderman_ar.roar","roar":"animation.mutantenderman.roar","root":"controller.animation.menderman.root","root2":"controller.animation.menderman.root2","root3":"controller.animation.menderman.root3","run":"animation.mutantenderman.run"},"geometry":{"block":"geometry.mutantenderman_block","default":"geometry.mutantenderman","hurt":"geometry.mutantenderman_ar","roar":"geometry.mutantenderman_ar"},"identifier":"end:mutant_enderman","materials":{"default":"spider","hurt":"charged_creeper","roar":"charged_creeper"},"min_engine_version":"1.8.0","render_controllers":["controller.render.skeleton","controller.render.roar",{"controller.render.block":"query.is_charged"},{"controller.render.hurt":"query.is_chested"}],"scripts":{"animate":["root",{"r_roar":"query.is_roaring == 1"},{"ar_hurt":"query.is_chested"},"root2","root3"],"pre_animation":["variable.random = math.round(math.random(0,3));","variable.attack = Math.sin(variable.attack_time * 30.0);","variable.attack_var = variable.attack_var;"],"scale":"0.9"},"spawn_egg":{"base_color":"#836674","overlay_color":"#667960"},"textures":{"block":"textures/entity/menderman","default":"textures/entity/menderman","hurt":"textures/entity/end_egg","roar":"textures/entity/end_egg"}}}}