{"format_version":"1.10.0","minecraft:client_entity":{"description":{"animations":{"attack":"animation.titan_enderman.attack","general":"animation.titan_enderman.general","grab":"animation.titan_enderman.grab","move":"animation.titan_enderman.move","root":"controller.animation.titan.general"},"geometry":{"default":"geometry.titan_enderman"},"identifier":"entity:titan_enderman2","materials":{"default":"spider"},"min_engine_version":"1.8.0","render_controllers":["controller.render.skeleton"],"scripts":{"animate":["root"],"pre_animation":["variable.random = math.round(math.random(0,3));","variable.attack = Math.sin(variable.attack_time * 30.0);","variable.attack_var = variable.attack_var;"],"scale":"0.5"},"spawn_egg":{"base_color":"#836283","overlay_color":"#666282"},"textures":{"default":"textures/entity/titan_enderman"}}}}