{"format_version":"1.13.0","minecraft:entity":{"component_groups":{"ammo:1":{"minecraft:mark_variant":{"value":1}},"endersoul":{"minecraft:spawn_entity":[{"max_wait_time":0,"min_wait_time":0,"num_to_spawn":1,"single_use":true,"spawn_entity":"btg15:block2"}]},"grenade":{"minecraft:spawn_entity":[{"max_wait_time":0,"min_wait_time":0,"num_to_spawn":1,"single_use":true,"spawn_entity":"weapon:grenade"}]},"minecraft:add_bad_omen":{"minecraft:spell_effects":{"add_effects":[{"display_on_screen_animation":true,"duration":6000,"effect":"bad_omen"}]},"minecraft:timer":{"looping":false,"time":[0,0],"time_down_event":{"event":"minecraft:clear_add_bad_omen","target":"self"}}},"minecraft:clear_bad_omen_spell_effect":{"minecraft:spell_effects":{}},"minecraft:raid_trigger":{"minecraft:raid_trigger":{"triggered_event":{"event":"minecraft:remove_raid_trigger","target":"self"}},"minecraft:spell_effects":{"remove_effects":"bad_omen"}},"pistol":{"minecraft:spawn_entity":[{"max_wait_time":0,"min_wait_time":0,"num_to_spawn":1,"single_use":true,"spawn_entity":"weapon:pistol"}]},"shotgun":{"minecraft:spawn_entity":[{"max_wait_time":0,"min_wait_time":0,"num_to_spawn":1,"single_use":true,"spawn_entity":"weapon:shotgun"}]},"sword":{"minecraft:spawn_entity":[{"max_wait_time":0,"min_wait_time":0,"num_to_spawn":1,"single_use":true,"spawn_entity":"weapon:sword_power"}]},"sword_event":{"minecraft:attack":{"damage":16},"minecraft:health":{"max":20,"value":20},"minecraft:movement":{"value":0.11},"minecraft:spell_effects":{"add_effects":[]}},"throw_chemical_x":{"minecraft:spawn_entity":{"max_wait_time":0.75,"min_wait_time":0,"num_to_spawn":1,"single_use":true,"spawn_entity":"chemical:chemical_thrown"}}},"components":{"minecraft:attack":{"damage":1},"minecraft:breathable":{"generates_bubbles":false,"inhale_time":3.75,"suffocate_time":-1,"total_supply":15},"minecraft:can_climb":{},"minecraft:collision_box":{"height":1.8,"width":0.6},"minecraft:environment_sensor":[{"on_environment":{"event":"ammo:1","filters":{"all_of":[{"domain":"hand","subject":"self","test":"has_equipment","value":"weapon:shotgun"},{"subject":"self","test":"is_family","value":"player"}]}}},{"on_environment":{"event":"ammo:1","filters":{"all_of":[{"domain":"hand","subject":"self","test":"has_equipment","value":"weapon:pistol"},{"subject":"self","test":"is_family","value":"player"}]}}},{"on_environment":{"event":"ammo:1","filters":{"all_of":[{"domain":"hand","subject":"self","test":"has_equipment","value":"weapon:grenade"},{"subject":"self","test":"is_family","value":"player"}]}}},{"on_environment":{"event":"ammo:1","filters":{"all_of":[{"domain":"hand","subject":"self","test":"has_equipment","value":"weapon:endersoul"},{"subject":"self","test":"is_family","value":"player"}]}}},{"on_environment":{"event":"sword_event","filters":{"all_of":[{"domain":"hand","subject":"self","test":"has_equipment","value":"weapon:sword"}]}}}],"minecraft:experience_reward":{"on_death":"Math.Min(query.player_level * 7, 100)"},"minecraft:hurt_on_condition":{"damage_conditions":[{"cause":"lava","damage_per_tick":4,"filters":{"operator":"==","subject":"self","test":"in_lava","value":true}}]},"minecraft:insomnia":{"days_until_insomnia":3},"minecraft:is_hidden_when_invisible":{},"minecraft:loot":{"table":"loot_tables/empty.json"},"minecraft:movement":{"value":0.1},"minecraft:nameable":{"allow_name_tag_renaming":false,"always_show":true},"minecraft:physics":{},"minecraft:player.exhaustion":{"max":4,"value":0},"minecraft:player.experience":{"max":1,"value":0},"minecraft:player.level":{"max":24791,"value":0},"minecraft:player.saturation":{"value":20},"minecraft:pushable":{"is_pushable":false,"is_pushable_by_piston":true},"minecraft:rideable":{"family_types":["parrot_tame"],"pull_in_entities":true,"seat_count":2,"seats":[{"lock_rider_rotation":0,"max_rider_count":0,"min_rider_count":0,"position":[0.4,-0.2,-0.1]},{"lock_rider_rotation":0,"max_rider_count":2,"min_rider_count":1,"position":[-0.4,-0.2,-0.1]}]},"minecraft:scaffolding_climber":{},"minecraft:type_family":{"family":["player"]}},"description":{"animations":{"chemical":"controller.animation.chemical","creator":"controller.animation.creator","endersoul":"controller.animation.endersoul","grenade":"controller.animation.grenade","pistol":"controller.animation.pistol","shotgun":"controller.animation.shotgun","sword":"controller.animation.sword"},"identifier":"minecraft:player","is_experimental":false,"is_spawnable":false,"is_summonable":false,"scripts":{"animate":["chemical","shotgun","creator","pistol","grenade","sword","endersoul"]}},"events":{"ammo:1":{"add":{"component_groups":["ammo:1"]},"remove":{"component_groups":["ammo:1"]}},"endersoul":{"add":{"component_groups":["endersoul"]}},"event_throw_chemical_x":{"add":{"component_groups":["throw_chemical_x"]}},"grenade":{"add":{"component_groups":["grenade"]}},"minecraft:clear_add_bad_omen":{"add":{"component_groups":["minecraft:clear_bad_omen_spell_effect"]},"remove":{"component_groups":["minecraft:add_bad_omen"]}},"minecraft:gain_bad_omen":{"add":{"component_groups":["minecraft:add_bad_omen"]}},"minecraft:remove_raid_trigger":{"remove":{"component_groups":["minecraft:raid_trigger"]}},"minecraft:trigger_raid":{"add":{"component_groups":["minecraft:raid_trigger"]}},"pistol":{"add":{"component_groups":["pistol"]}},"shotgun":{"add":{"component_groups":["shotgun"]}},"sword":{"add":{"component_groups":["sword"]}},"sword_event":{"add":{"component_groups":["sword_event","ammo:1"]}}}}}