{"format_version":"1.13.0","minecraft:entity":{"component_groups":{"minecraft:charged_creeper":{"minecraft:is_charged":{}},"minecraft:charged_exploding":{"minecraft:explode":{"causes_fire":false,"destroy_affected_by_griefing":true,"fuse_length":1.5,"fuse_lit":true,"power":6}},"minecraft:exploding":{"minecraft:explode":{"causes_fire":false,"destroy_affected_by_griefing":true,"fuse_length":1.5,"fuse_lit":true,"power":3}},"minecraft:forced_charged_exploding":{"minecraft:explode":{"causes_fire":false,"destroy_affected_by_griefing":true,"fuse_length":1.5,"fuse_lit":true,"power":6},"minecraft:on_target_escape":{},"minecraft:target_nearby_sensor":{}},"minecraft:forced_exploding":{"minecraft:explode":{"causes_fire":false,"destroy_affected_by_griefing":true,"fuse_length":1.5,"fuse_lit":true,"power":3},"minecraft:on_target_escape":{},"minecraft:target_nearby_sensor":{}},"mutant_explode":{"minecraft:explode":{"causes_fire":true,"destroy_affected_by_griefing":true,"fuse_length":1.5,"fuse_lit":true,"power":1}},"mutant_transform":{"minecraft:behavior.knockback_roar":{"attack_time":0.1,"cooldown_time":30,"damage_filters":{"all_of":[{"subject":"other","test":"is_family","value":"player"}]},"duration":0.1,"knockback_damage":1,"knockback_filters":{"all_of":[{"operator":"!=","subject":"other","test":"is_family","value":"chemical_x"}]},"knockback_range":10,"knockback_strength":3,"priority":1},"minecraft:movement":{"value":0.1},"minecraft:transformation":{"delay":0.2,"into":"mutant:mutant_creeper","transformation_sound":"remedy"}},"mutation":{"minecraft:attack_cooldown":{"attack_cooldown_complete_event":{"event":"mutate","target":"self"},"attack_cooldown_time":[8,15]},"minecraft:damage_sensor":{"triggers":{"deals_damage":true,"on_damage":{"filters":{"subject":"other","test":"is_family","value":"chemical_x"}}}},"minecraft:is_shaking":{},"minecraft:is_stunned":{},"minecraft:mark_variant":{"value":3},"minecraft:spell_effects":{"add_effects":[{"ambient":false,"amplifier":4,"duration":20,"effect":"fire_resistance","visible":true},{"ambient":false,"amplifier":1,"duration":20,"effect":"wither","visible":true},{"ambient":false,"amplifier":4,"duration":20,"effect":"regeneration","visible":false}]},"minecraft:transformation":{"begin_transform_sound":"remedy","delay":30,"into":"","keep_level":true,"transformation_sound":"unfect"}}},"components":{"minecraft:attack":{"damage":3},"minecraft:behavior.avoid_mob_type":{"entity_types":[{"filters":{"any_of":[{"subject":"other","test":"is_family","value":"ocelot"},{"subject":"other","test":"is_family","value":"cat"}]},"max_dist":6,"sprint_speed_multiplier":1.2,"walk_speed_multiplier":1}],"priority":3},"minecraft:behavior.float":{"priority":0},"minecraft:behavior.hurt_by_target":{"priority":2},"minecraft:behavior.look_at_player":{"look_distance":8,"priority":6},"minecraft:behavior.melee_attack":{"priority":4,"reach_multiplier":0,"speed_multiplier":1.25,"track_target":false},"minecraft:behavior.nearest_attackable_target":{"entity_types":[{"filters":{"subject":"other","test":"is_family","value":"player"},"max_dist":16}],"must_see":true,"must_see_forget_duration":0,"priority":1},"minecraft:behavior.random_look_around":{"priority":6},"minecraft:behavior.random_stroll":{"priority":5,"speed_multiplier":1},"minecraft:behavior.swell":{"priority":2,"start_distance":2.5,"stop_distance":6},"minecraft:breathable":{"suffocate_time":0,"total_supply":15},"minecraft:can_climb":{},"minecraft:collision_box":{"height":1.8,"width":0.6},"minecraft:damage_sensor":{"triggers":[{"deals_damage":false,"on_damage":{"event":"minecraft:become_charged","filters":{"subject":"other","test":"is_family","value":"lightning"}}},{"deals_damage":true,"on_damage":{"event":"become_mutated","filters":{"subject":"other","test":"is_family","value":"chemical"}}}]},"minecraft:experience_reward":{"on_death":"query.last_hit_by_player ? 5 : 0"},"minecraft:health":{"max":20,"value":20},"minecraft:hurt_on_condition":{"damage_conditions":[{"cause":"lava","damage_per_tick":4,"filters":{"operator":"==","subject":"self","test":"in_lava","value":true}}]},"minecraft:interact":{"interactions":{"hurt_item":1,"interact_text":"action.interact.creeper","on_interact":{"event":"minecraft:start_exploding_forced","filters":{"all_of":[{"subject":"other","test":"is_family","value":"player"},{"domain":"hand","subject":"other","test":"has_equipment","value":"flint_and_steel"},{"operator":"!=","test":"has_component","value":"minecraft:explode"}]},"target":"self"},"play_sounds":"ignite","swing":true}},"minecraft:jump.static":{},"minecraft:loot":{"table":"loot_tables/entities/creeper.json"},"minecraft:movement":{"value":0.2},"minecraft:movement.basic":{},"minecraft:nameable":{},"minecraft:navigation.walk":{"can_path_over_water":true},"minecraft:on_target_escape":{"event":"minecraft:stop_exploding","target":"self"},"minecraft:physics":{},"minecraft:pushable":{"is_pushable":true,"is_pushable_by_piston":true},"minecraft:target_nearby_sensor":{"inside_range":2.5,"must_see":true,"on_inside_range":{"event":"minecraft:start_exploding","target":"self"},"on_outside_range":{"event":"minecraft:stop_exploding","target":"self"},"on_vision_lost_inside_range":{"event":"minecraft:stop_exploding","target":"self"},"outside_range":6},"minecraft:type_family":{"family":["creeper","monster","mob"]}},"description":{"animations":{"particle":"controller.animation.chemical_mutating"},"identifier":"minecraft:creeper","is_experimental":false,"is_spawnable":true,"is_summonable":true,"scripts":{"animate":[{"particle":"query.is_stunned"}]}},"events":{"become_mutated":{"add":{"component_groups":["mutation"]}},"minecraft:become_charged":{"add":{"component_groups":["minecraft:charged_creeper"]},"remove":{"component_groups":["minecraft:exploding"]}},"minecraft:start_exploding":{"sequence":[{"add":{"component_groups":["minecraft:exploding"]},"filters":{"operator":"!=","test":"has_component","value":"minecraft:is_charged"}},{"add":{"component_groups":["minecraft:charged_exploding"]},"filters":{"test":"has_component","value":"minecraft:is_charged"}}]},"minecraft:start_exploding_forced":{"sequence":[{"add":{"component_groups":["minecraft:forced_exploding"]},"filters":{"operator":"!=","test":"has_component","value":"minecraft:is_charged"}},{"add":{"component_groups":["minecraft:forced_charged_exploding"]},"filters":{"test":"has_component","value":"minecraft:is_charged"}}]},"minecraft:stop_exploding":{"remove":{"component_groups":["minecraft:exploding"]}},"mutate":{"randomize":[{"add":{"component_groups":["mutant_transform"]},"remove":{},"weight":15},{"add":{"component_groups":["mutant_explode"]},"remove":{},"weight":10}]}}}}