{"format_version":"1.13.0","minecraft:entity":{"component_groups":{"minecraft:convert_to_baby_zombie":{"minecraft:is_shaking":{},"minecraft:transformation":{"delay":{"value":15},"drop_equipment":true,"into":"minecraft:zombie<minecraft:as_baby>","transformation_sound":"convert_to_drowned"}},"minecraft:convert_to_zombie":{"minecraft:is_shaking":{},"minecraft:transformation":{"delay":{"value":15},"drop_equipment":true,"into":"minecraft:zombie<minecraft:as_adult>","transformation_sound":"convert_to_drowned"}},"minecraft:look_to_start_zombie_transformation":{"minecraft:environment_sensor":{"triggers":{"event":"minecraft:start_transforming","filters":{"operator":"==","subject":"self","test":"is_underwater","value":true}}}},"minecraft:start_zombie_transformation":{"minecraft:environment_sensor":{"triggers":{"event":"minecraft:stop_transforming","filters":{"operator":"==","subject":"self","test":"is_underwater","value":false}}},"minecraft:timer":{"looping":false,"time":30,"time_down_event":{"event":"minecraft:convert_to_zombie"}}},"minecraft:zombie_husk_adult":{"minecraft:behavior.mount_pathing":{"priority":2,"speed_multiplier":1.25,"target_dist":0,"track_target":true},"minecraft:experience_reward":{"on_death":"query.last_hit_by_player ? 5 + (query.equipment_count * Math.Random(1,3)) : 0"},"minecraft:movement":{"value":0.23},"minecraft:rideable":{"family_types":["zombie"],"seat_count":1,"seats":{"lock_rider_rotation":0,"position":[0,1.1,-0.35]}},"minecraft:scale":{"value":1.0625}},"minecraft:zombie_husk_baby":{"minecraft:experience_reward":{"on_death":"query.last_hit_by_player ? 12 + (query.equipment_count * Math.Random(1,3)) : 0"},"minecraft:is_baby":{},"minecraft:movement":{"value":0.35},"minecraft:scale":{"value":0.53125}},"minecraft:zombie_husk_jockey":{"minecraft:behavior.find_mount":{"priority":1,"within_radius":16}},"mutant_explode":{"minecraft:explode":{"causes_fire":true,"destroy_affected_by_griefing":true,"fuse_length":1.5,"fuse_lit":true,"power":1}},"mutant_transform":{"minecraft:behavior.knockback_roar":{"attack_time":0.1,"cooldown_time":30,"damage_filters":{"all_of":[{"subject":"other","test":"is_family","value":"player"}]},"duration":0.1,"knockback_damage":1,"knockback_filters":{"all_of":[{"operator":"!=","subject":"other","test":"is_family","value":"chemical_x"}]},"knockback_range":10,"knockback_strength":3,"priority":1},"minecraft:movement":{"value":0.1},"minecraft:transformation":{"delay":0.2,"into":"mutant:mutant_husk","transformation_sound":"remedy"}},"mutation":{"minecraft:attack_cooldown":{"attack_cooldown_complete_event":{"event":"mutate","target":"self"},"attack_cooldown_time":[8,15]},"minecraft:damage_sensor":{"triggers":{"deals_damage":true,"on_damage":{"filters":{"subject":"other","test":"is_family","value":"chemical_x"}}}},"minecraft:is_shaking":{},"minecraft:is_stunned":{},"minecraft:mark_variant":{"value":3},"minecraft:spell_effects":{"add_effects":[{"ambient":false,"amplifier":4,"duration":20,"effect":"fire_resistance","visible":true},{"ambient":false,"amplifier":1,"duration":20,"effect":"wither","visible":true},{"ambient":false,"amplifier":4,"duration":20,"effect":"regeneration","visible":false}]},"minecraft:transformation":{"begin_transform_sound":"remedy","delay":30,"into":"","keep_level":true,"transformation_sound":"unfect"}}},"components":{"minecraft:annotation.break_door":{},"minecraft:attack":{"damage":3,"effect_duration":30,"effect_name":"hunger"},"minecraft:behavior.hurt_by_target":{"priority":1},"minecraft:behavior.look_at_player":{"look_distance":6,"priority":7,"probability":0.02},"minecraft:behavior.melee_attack":{"priority":3,"speed_multiplier":1,"track_target":false},"minecraft:behavior.move_towards_restriction":{"priority":5,"speed_multiplier":1},"minecraft:behavior.nearest_attackable_target":{"entity_types":[{"filters":{"any_of":[{"subject":"other","test":"is_family","value":"player"},{"subject":"other","test":"is_family","value":"snowgolem"},{"subject":"other","test":"is_family","value":"irongolem"}]},"max_dist":35},{"filters":{"any_of":[{"subject":"other","test":"is_family","value":"villager"},{"subject":"other","test":"is_family","value":"wandering_trader"}]},"max_dist":35,"must_see":false},{"filters":{"all_of":[{"subject":"other","test":"is_family","value":"baby_turtle"},{"operator":"!=","subject":"other","test":"in_water","value":true}]},"max_dist":35}],"must_see":true,"priority":2,"reselect_targets":true,"within_radius":25},"minecraft:behavior.random_look_around":{"priority":7},"minecraft:behavior.random_stroll":{"priority":6,"speed_multiplier":1},"minecraft:behavior.stomp_turtle_egg":{"goal_radius":1.14,"interval":20,"priority":4,"search_count":4,"search_height":3,"search_range":10,"speed_multiplier":1},"minecraft:breathable":{"breathes_water":true,"suffocate_time":0,"total_supply":15},"minecraft:can_climb":{},"minecraft:collision_box":{"height":1.9,"width":0.6},"minecraft:damage_sensor":{"triggers":{"deals_damage":true,"on_damage":{"event":"become_mutated","filters":{"subject":"other","test":"is_family","value":"chemical"}}}},"minecraft:environment_sensor":{"triggers":[{"event":"minecraft:start_transforming","filters":{"operator":"==","subject":"self","test":"is_underwater","value":true}}]},"minecraft:equipment":{"table":"loot_tables/entities/zombie_equipment.json"},"minecraft:health":{"max":20,"value":20},"minecraft:hurt_on_condition":{"damage_conditions":[{"cause":"lava","damage_per_tick":4,"filters":{"operator":"==","subject":"self","test":"in_lava","value":true}}]},"minecraft:jump.static":{},"minecraft:loot":{"table":"loot_tables/entities/zombie.json"},"minecraft:movement.basic":{},"minecraft:nameable":{},"minecraft:navigation.walk":{"avoid_portals":false,"can_break_doors":true,"can_pass_doors":true,"is_amphibious":true},"minecraft:physics":{},"minecraft:pushable":{"is_pushable":true,"is_pushable_by_piston":true},"minecraft:type_family":{"family":["husk","zombie","undead","monster","mob"]},"minecraft:variant":{"value":2}},"description":{"animations":{"particle":"controller.animation.chemical_mutating"},"identifier":"minecraft:husk","is_experimental":false,"is_spawnable":true,"is_summonable":true,"scripts":{"animate":[{"particle":"query.is_stunned"}]}},"events":{"become_mutated":{"add":{"component_groups":["mutation"]}},"minecraft:convert_to_zombie":{"sequence":[{"add":{"component_groups":["minecraft:convert_to_zombie"]},"filters":{"operator":"!=","test":"has_component","value":"minecraft:is_baby"},"remove":{"component_groups":["minecraft:start_zombie_transformation"]}},{"add":{"component_groups":["minecraft:convert_to_baby_zombie"]},"filters":{"test":"has_component","value":"minecraft:is_baby"},"remove":{"component_groups":["minecraft:start_zombie_transformation"]}}]},"minecraft:entity_spawned":{"randomize":[{"add":{"component_groups":["minecraft:zombie_husk_adult"]},"remove":{},"weight":9500},{"add":{"component_groups":["minecraft:zombie_husk_baby"]},"remove":{},"weight":425},{"add":{"component_groups":["minecraft:zombie_husk_baby","minecraft:zombie_husk_jockey"]},"remove":{},"weight":75}]},"minecraft:start_transforming":{"add":{"component_groups":["minecraft:start_zombie_transformation"]},"remove":{"component_groups":["minecraft:look_to_start_zombie_transformation"]}},"minecraft:stop_transforming":{"add":{"component_groups":["minecraft:look_to_start_zombie_transformation"]},"remove":{"component_groups":["minecraft:start_zombie_transformation"]}},"mutate":{"randomize":[{"add":{"component_groups":["mutant_transform"]},"remove":{},"weight":15},{"add":{"component_groups":["mutant_explode"]},"remove":{},"weight":10}]}}}}