{"format_version":"1.13.0","minecraft:entity":{"component_groups":{"minecraft:lightning_immune":{"minecraft:damage_sensor":{"triggers":{"deals_damage":false,"on_damage":{"filters":{"other_with_families":"lightning"}}}}},"minecraft:melee_attack":{"minecraft:attack":{"damage":3},"minecraft:behavior.melee_attack":{"priority":4,"speed_multiplier":1.25,"target_dist":1.2,"track_target":true},"minecraft:environment_sensor":{"triggers":[{"event":"minecraft:ranged_mode","filters":{"all_of":[{"operator":"==","subject":"self","test":"in_water","value":false},{"operator":"==","subject":"self","test":"has_ranged_weapon","value":true}]}}]}},"minecraft:ranged_attack":{"minecraft:behavior.ranged_attack":{"attack_interval_max":3,"attack_interval_min":1,"attack_radius":15},"minecraft:environment_sensor":{"triggers":[{"event":"minecraft:melee_mode","filters":{"operator":"==","subject":"self","test":"is_underwater","value":true}},{"event":"minecraft:melee_mode","filters":{"operator":"==","subject":"self","test":"has_ranged_weapon","value":false}}]},"minecraft:shooter":{"def":"minecraft:arrow","type":"Arrow"}},"mutant_explode":{"minecraft:explode":{"causes_fire":true,"destroy_affected_by_griefing":true,"fuse_length":1.5,"fuse_lit":true,"power":1}},"mutant_transform":{"minecraft:behavior.knockback_roar":{"attack_time":0.1,"cooldown_time":30,"damage_filters":{"all_of":[{"subject":"other","test":"is_family","value":"player"}]},"duration":0.1,"knockback_damage":1,"knockback_filters":{"all_of":[{"operator":"!=","subject":"other","test":"is_family","value":"chemical_x"}]},"knockback_range":10,"knockback_strength":3,"priority":1},"minecraft:movement":{"value":0.1},"minecraft:transformation":{"delay":0.2,"into":"mutant:mutant_skeleton","transformation_sound":"remedy"}},"mutation":{"minecraft:attack_cooldown":{"attack_cooldown_complete_event":{"event":"mutate","target":"self"},"attack_cooldown_time":[8,15]},"minecraft:damage_sensor":{"triggers":{"deals_damage":true,"on_damage":{"filters":{"subject":"other","test":"is_family","value":"chemical_x"}}}},"minecraft:is_shaking":{},"minecraft:is_stunned":{},"minecraft:mark_variant":{"value":3},"minecraft:spell_effects":{"add_effects":[{"ambient":false,"amplifier":4,"duration":20,"effect":"fire_resistance","visible":true},{"ambient":false,"amplifier":1,"duration":20,"effect":"wither","visible":true},{"ambient":false,"amplifier":4,"duration":20,"effect":"regeneration","visible":false}]},"minecraft:transformation":{"begin_transform_sound":"remedy","delay":30,"into":"","keep_level":true,"transformation_sound":"unfect"}}},"components":{"minecraft:behavior.avoid_mob_type":{"entity_types":[{"filters":{"subject":"other","test":"is_family","value":"wolf"},"max_dist":6,"sprint_speed_multiplier":1.2,"walk_speed_multiplier":1.2}],"priority":4},"minecraft:behavior.flee_sun":{"priority":2,"speed_multiplier":1},"minecraft:behavior.hurt_by_target":{"priority":1},"minecraft:behavior.look_at_player":{"look_distance":8,"priority":6},"minecraft:behavior.nearest_attackable_target":{"entity_types":[{"filters":{"subject":"other","test":"is_family","value":"player"},"max_dist":16},{"filters":{"subject":"other","test":"is_family","value":"irongolem"},"max_dist":16},{"filters":{"all_of":[{"subject":"other","test":"is_family","value":"baby_turtle"},{"operator":"!=","subject":"other","test":"in_water","value":true}]},"max_dist":16}],"must_see":true,"priority":2,"reselect_targets":true},"minecraft:behavior.random_look_around":{"priority":6},"minecraft:behavior.random_stroll":{"priority":5,"speed_multiplier":1},"minecraft:behavior.ranged_attack":{"attack_interval_max":3,"attack_interval_min":1,"attack_radius":15},"minecraft:breathable":{"breathes_water":true,"suffocate_time":0,"total_supply":15},"minecraft:burns_in_daylight":{},"minecraft:can_climb":{},"minecraft:collision_box":{"height":1.9,"width":0.6},"minecraft:damage_sensor":{"triggers":{"deals_damage":true,"on_damage":{"event":"become_mutated","filters":{"subject":"other","test":"is_family","value":"chemical"}}}},"minecraft:environment_sensor":{"triggers":{"event":"minecraft:melee_mode","filters":{"operator":"==","subject":"self","test":"is_underwater","value":true}}},"minecraft:equipment":{"table":"loot_tables/entities/skeleton_gear.json"},"minecraft:experience_reward":{"on_death":"query.last_hit_by_player ? 5 + (query.equipment_count * Math.Random(1,3)) : 0"},"minecraft:health":{"max":20,"value":20},"minecraft:hurt_on_condition":{"damage_conditions":[{"cause":"lava","damage_per_tick":4,"filters":{"operator":"==","subject":"self","test":"in_lava","value":true}}]},"minecraft:jump.static":{},"minecraft:loot":{"table":"loot_tables/entities/skeleton.json"},"minecraft:movement":{"value":0.25},"minecraft:movement.basic":{},"minecraft:nameable":{},"minecraft:navigation.walk":{"avoid_sun":true,"avoid_water":true,"is_amphibious":true},"minecraft:physics":{},"minecraft:pushable":{"is_pushable":true,"is_pushable_by_piston":true},"minecraft:shooter":{"def":"minecraft:arrow","type":"Arrow"},"minecraft:type_family":{"family":["skeleton","undead","monster","mob"]}},"description":{"animations":{"particle":"controller.animation.chemical_mutating"},"identifier":"minecraft:skeleton","is_experimental":false,"is_spawnable":true,"is_summonable":true,"scripts":{"animate":[{"particle":"query.is_stunned"}]}},"events":{"become_mutated":{"add":{"component_groups":["mutation"]}},"minecraft:entity_spawned":{"add":{"component_groups":["minecraft:ranged_attack"]}},"minecraft:melee_mode":{"add":{"component_groups":["minecraft:melee_attack"]},"remove":{"component_groups":["minecraft:ranged_attack"]}},"minecraft:ranged_mode":{"add":{"component_groups":["minecraft:ranged_attack"]},"remove":{"component_groups":["minecraft:melee_attack"]}},"minecraft:spring_trap":{"add":{"component_groups":["minecraft:lightning_immune"]}},"mutate":{"randomize":[{"add":{"component_groups":["mutant_transform"]},"remove":{},"weight":15},{"add":{"component_groups":["mutant_explode"]},"remove":{},"weight":10}]}}}}