{"format_version":"1.8.0","render_controllers":{"controller.render.endersoul":{"geometry":"Geometry.endersoul","materials":[{"*":"Material.default"}],"textures":["Texture.endersoul"]},"controller.render.grenade":{"geometry":"Geometry.grenade","materials":[{"*":"Material.default"}],"textures":["Texture.grenade"]},"controller.render.pistol":{"geometry":"Geometry.pistol","materials":[{"*":"Material.default"}],"textures":["Texture.pistol"]},"controller.render.shotgun":{"geometry":"Geometry.shotgun","materials":[{"*":"Material.default"}],"textures":["Texture.shotgun"]},"controller.render.sword":{"geometry":"Geometry.sword","materials":[{"*":"Material.default"}],"textures":["Texture.sword"]}}}