{
	"format_version": "1.12.0",
	"minecraft:geometry": [
		{
			"description": {
				"identifier": "geometry.bendy",
				"texture_width": 128,
				"texture_height": 128,
				"visible_bounds_width": 6,
				"visible_bounds_height": 3.5,
				"visible_bounds_offset": [0, 1.25, 0]
			},
			"bones": [
				{
					"name": "root",
					"pivot": [0, 0, 0]
				},
				{
					"name": "torso",
					"parent": "root",
					"pivot": [0, 14, 0],
					"cubes": [
						{"origin": [-4, 14, -2], "size": [9, 13, 4], "uv": [0, 16]}
					]
				},
				{
					"name": "head",
					"parent": "torso",
					"pivot": [1, 27, 0],
					"cubes": [
						{"origin": [-4, 27, -4], "size": [9, 8, 8], "uv": [0, 0]},
						{"origin": [3, 35, -4], "size": [2, 1, 8], "uv": [28, 36]},
						{"origin": [-4, 35, -4], "size": [2, 1, 8], "uv": [34, 26]}
					]
				},
				{
					"name": "right_arm",
					"parent": "torso",
					"pivot": [5, 27, 0],
					"cubes": [
						{"origin": [5, 20, -2], "size": [4, 7, 4], "uv": [46, 23]}
					]
				},
				{
					"name": "right_hand",
					"parent": "right_arm",
					"pivot": [7, 20, 0],
					"cubes": [
						{"origin": [5, 13, -2], "size": [4, 8, 4], "uv": [16, 44]}
					]
				},
				{
					"name": "left_arm",
					"parent": "torso",
					"pivot": [-4, 27, 0],
					"cubes": [
						{"origin": [-8, 20, -2], "size": [4, 7, 4], "uv": [44, 44]}
					]
				},
				{
					"name": "left_hand",
					"parent": "left_arm",
					"pivot": [-6, 20, 0],
					"cubes": [
						{"origin": [-8, 13, -2], "size": [4, 8, 4], "uv": [42, 11]}
					]
				},
				{
					"name": "tail",
					"parent": "torso",
					"pivot": [0, 17, 2],
					"cubes": [
						{"origin": [-2, 14, 2], "size": [5, 5, 6], "uv": [34, 0]}
					]
				},
				{
					"name": "tail2",
					"parent": "tail",
					"pivot": [0, 16, 8],
					"cubes": [
						{"origin": [-1.79239, 14.25104, 7.2], "size": [4.5, 4.5, 5.4], "uv": [40, 35]}
					]
				},
				{
					"name": "tail3",
					"parent": "tail2",
					"pivot": [0, 16, 13],
					"cubes": [
						{"origin": [-1.61315, 14.62594, 12.28], "size": [4.05, 4.05, 4.86], "uv": [54, 7]}
					]
				},
				{
					"name": "tail4",
					"parent": "tail3",
					"pivot": [0, 16, 18],
					"cubes": [
						{"origin": [-1.61315, 14.62594, 17.28], "size": [4.05, 4.05, 4.86], "uv": [32, 51]}
					]
				},
				{
					"name": "tail5",
					"parent": "tail4",
					"pivot": [0, 16, 23],
					"cubes": [
						{"origin": [-1.61315, 14.62594, 22.28], "size": [4.05, 4.05, 4.86], "uv": [0, 51]}
					]
				},
				{
					"name": "tail6",
					"parent": "tail5",
					"pivot": [0, 17, 28],
					"cubes": [
						{"origin": [-1.37587, 14.85711, 24.54819], "size": [3.645, 3.645, 7.374], "uv": [16, 34]},
						{"origin": [-1.1007, 15.88569, 31.03855], "size": [2.916, 2.916, 5.8992], "uv": [43, 55]}
					]
				},
				{
					"name": "right_leg",
					"parent": "root",
					"pivot": [3, 14, 0],
					"cubes": [
						{"origin": [0.53042, -0.01884, -2.178], "size": [4.356, 14.256, 4.356], "uv": [0, 33]}
					]
				},
				{
					"name": "left_leg",
					"parent": "root",
					"pivot": [-2, 14, 0],
					"cubes": [
						{"origin": [-3.88642, -0.01884, -2.178], "size": [4.356, 14.256, 4.356], "uv": [26, 16]}
					]
				}
			]
		}
	]
}