{
	"format_version": "1.12.0",
	"minecraft:geometry": [
		{
			"description": {
				"identifier": "geometry.clones",
				"texture_width": 128,
				"texture_height": 128,
				"visible_bounds_width": 3,
				"visible_bounds_height": 4.5,
				"visible_bounds_offset": [0, 1.75, 0]
			},
			"bones": [
				{
					"name": "root",
					"pivot": [0, 37, 0],
					"cubes": [
						{"origin": [-4, 25, -2], "size": [9, 13, 4], "uv": [0, 25]}
					]
				},
				{
					"name": "leg",
					"parent": "root",
					"pivot": [-2, 25, 0],
					"cubes": [
						{"origin": [-3, 0, -1], "size": [2, 26, 2], "uv": [8, 42]}
					]
				},
				{
					"name": "leg2",
					"parent": "root",
					"pivot": [3, 25, 0],
					"cubes": [
						{"origin": [2, 0, -1], "size": [2, 26, 2], "uv": [42, 0]}
					]
				},
				{
					"name": "arm",
					"parent": "root",
					"pivot": [-4, 37, 0],
					"cubes": [
						{"origin": [-6, 7, -1], "size": [2, 31, 2], "uv": [0, 42]}
					]
				},
				{
					"name": "arm4",
					"parent": "root",
					"pivot": [-4, 37, 0],
					"cubes": [
						{"origin": [-6, 7, -1], "size": [2, 31, 2], "uv": [26, 25]}
					]
				},
				{
					"name": "arm2",
					"parent": "root",
					"pivot": [5, 37, 0],
					"cubes": [
						{"origin": [5, 7, -1], "size": [2, 31, 2], "uv": [34, 33]}
					]
				},
				{
					"name": "arm3",
					"parent": "root",
					"pivot": [5, 37, 0],
					"cubes": [
						{"origin": [5, 7, -1], "size": [2, 31, 2], "uv": [34, 0]}
					]
				},
				{
					"name": "head",
					"parent": "root",
					"pivot": [0, 38, 0],
					"cubes": [
						{"origin": [-4, 39, -4], "size": [9, 8, 8], "uv": [0, 0]}
					]
				},
				{
					"name": "mouth",
					"parent": "head",
					"pivot": [0, 41, 0],
					"cubes": [
						{"origin": [-4, 38, -4], "size": [9, 1, 8], "uv": [0, 16]},
						{"origin": [3, 38, 4], "size": [2, 6, 0], "uv": [4, 0]},
						{"origin": [-4, 38, 4], "size": [2, 6, 0], "uv": [0, 0]},
						{"origin": [-4, 39, -4], "size": [9, 2, 0], "uv": [40, 33]}
					]
				}
			]
		}
	]
}