{
	"format_version": "1.12.0",
	"minecraft:geometry": [
		{
			"description": {
				"identifier": "geometry.ender_hand",
				"texture_width": 16,
				"texture_height": 16,
				"visible_bounds_width": 2,
				"visible_bounds_height": 3.5,
				"visible_bounds_offset": [0, 1.25, 0]
			},
			"bones": [
				{
					"name": "bone",
					"pivot": [0, 0, 0],
					"cubes": [
						{"origin": [-1, 0, -1], "size": [2, 9, 2], "uv": [0, 4]}
					]
				},
				{
					"name": "bone2",
					"parent": "bone",
					"pivot": [0, 9, 0],
					"cubes": [
						{"origin": [-1, 9, -1], "size": [2, 8, 2], "uv": [0, 4]}
					]
				},
				{
					"name": "bone3",
					"parent": "bone2",
					"pivot": [0, 17, 0],
					"cubes": [
						{"origin": [-1, 17, -1], "size": [2, 9, 2], "uv": [0, 4]}
					]
				},
				{
					"name": "hand",
					"parent": "bone3",
					"pivot": [0, 26, 0],
					"cubes": [
						{"origin": [-2.4, 25.8, -0.8], "size": [4.8, 4, 1.6], "uv": [0, 8]}
					]
				},
				{
					"name": "nail",
					"parent": "hand",
					"pivot": [-2, 30, 0],
					"cubes": [
						{"origin": [-2.52293, 29.97717, -1], "size": [2, 4, 2], "uv": [0, 0]},
						{"origin": [-2.52293, 32.97717, -1], "size": [2, 4, 2], "pivot": [-2, 33, 0], "rotation": [20, 0, 0], "uv": [0, 7]}
					]
				},
				{
					"name": "nail4",
					"parent": "hand",
					"pivot": [-3, 27, 0],
					"rotation": [19.14314, -5.90316, -8.49629],
					"cubes": [
						{"origin": [-3.52293, 26.97717, -1], "size": [2, 5, 2], "pivot": [-3, 27, 0], "rotation": [17.5, 0, 0], "uv": [1, 6]}
					]
				},
				{
					"name": "nail2",
					"parent": "hand",
					"pivot": [0, 30, 0],
					"rotation": [0, 0, 7.5],
					"cubes": [
						{"origin": [-0.52293, 29.97717, -1], "size": [2, 4, 2], "uv": [0, 0]},
						{"origin": [-0.52293, 32.97717, -1], "size": [2, 5, 2], "pivot": [0, 33, 0], "rotation": [20, 0, 0], "uv": [0, 6]}
					]
				},
				{
					"name": "nail3",
					"parent": "hand",
					"pivot": [2, 30, 0],
					"rotation": [0, 0, 12.5],
					"cubes": [
						{"origin": [1.47707, 29.97717, -1], "size": [2, 4, 2], "uv": [0, 7]},
						{"origin": [1.47707, 32.97717, -1], "size": [2, 4, 2], "pivot": [2, 33, 0], "rotation": [20, 0, 0], "uv": [0, 0]}
					]
				}
			]
		}
	]
}