{
	"format_version": "1.12.0",
	"minecraft:geometry": [
		{
			"description": {
				"identifier": "geometry.ender_golem",
				"texture_width": 128,
				"texture_height": 128,
				"visible_bounds_width": 3,
				"visible_bounds_height": 3.5,
				"visible_bounds_offset": [0, 1.25, 0]
			},
			"bones": [
				{
					"name": "root",
					"pivot": [0, 28, 0],
					"cubes": [
						{"origin": [-7, 19, -6], "size": [15, 10, 10], "uv": [0, 0]},
						{"origin": [-1, 18, 2], "size": [3, 11, 3], "pivot": [0, 27, 4], "rotation": [10, 0, 0], "uv": [0, 72]},
						{"origin": [-1, 8.03692, 3.57803], "size": [3, 11, 3], "pivot": [0, 18, 5], "rotation": [-17.5, 0, 0], "uv": [66, 36]},
						{"origin": [-6, 18, -5], "size": [13, 1, 8], "uv": [40, 0]},
						{"origin": [-6, 29, -5], "size": [13, 1, 8], "uv": [27, 20]}
					]
				},
				{
					"name": "root2",
					"parent": "root",
					"pivot": [0, 13, 0],
					"cubes": [
						{"origin": [-5, 8, -5], "size": [11, 7, 8], "uv": [28, 30]},
						{"origin": [-4, 15, -4], "size": [9, 1, 6], "uv": [50, 9]},
						{"origin": [-4, 7, -4], "size": [9, 1, 6], "uv": [28, 45]},
						{"origin": [-3, 6, -3], "size": [7, 1, 3], "uv": [50, 16]},
						{"origin": [-1, 0, -3], "size": [3, 6, 3], "pivot": [0, 6, -2], "rotation": [25, 0, 0], "uv": [68, 72]}
					]
				},
				{
					"name": "arm",
					"parent": "root",
					"pivot": [-7, 27, 0],
					"rotation": [0, 0, 12.5],
					"cubes": [
						{"origin": [-11, 22, -4], "size": [4, 7, 6], "uv": [63, 23]},
						{"origin": [-12, 23, -3], "size": [1, 5, 4], "uv": [76, 77]},
						{"origin": [-10, 21, -3], "size": [2, 9, 4], "uv": [56, 72]}
					]
				},
				{
					"name": "arm2",
					"parent": "arm",
					"pivot": [-9, 21, -1],
					"rotation": [-22.5, 0, -15],
					"cubes": [
						{"origin": [-11, 14, -4], "size": [4, 7, 6], "uv": [62, 59]},
						{"origin": [-12, 12, -2], "size": [6, 7, 2], "uv": [40, 72]},
						{"origin": [-12, 5, -4], "size": [6, 6, 6], "uv": [24, 52]},
						{"origin": [-8, 5, -5], "size": [3, 3, 3], "uv": [18, 52]},
						{"origin": [-12, 15, -3], "size": [6, 4, 4], "uv": [20, 64]}
					]
				},
				{
					"name": "arm3",
					"parent": "root",
					"pivot": [8, 27, 0],
					"rotation": [0, 0, -12.5],
					"cubes": [
						{"origin": [8, 22, -4], "size": [4, 7, 6], "uv": [42, 59]},
						{"origin": [12, 23, -3], "size": [1, 5, 4], "uv": [0, 0]},
						{"origin": [9, 21, -3], "size": [2, 9, 4], "uv": [28, 72]}
					]
				},
				{
					"name": "arm4",
					"parent": "arm3",
					"pivot": [10, 21, -1],
					"rotation": [-22.5, 0, 15],
					"cubes": [
						{"origin": [8, 14, -4], "size": [4, 7, 6], "uv": [52, 46]},
						{"origin": [7, 12, -2], "size": [6, 7, 2], "uv": [12, 72]},
						{"origin": [7, 5, -4], "size": [6, 6, 6], "uv": [0, 52]},
						{"origin": [6, 5, -5], "size": [3, 3, 3], "uv": [56, 59]},
						{"origin": [7, 15, -3], "size": [6, 4, 4], "uv": [0, 64]}
					]
				},
				{
					"name": "head",
					"parent": "root",
					"pivot": [0, 31, 0],
					"cubes": [
						{"origin": [-3, 31, -4], "size": [7, 7, 7], "uv": [0, 38]},
						{"origin": [-4, 30, -5], "size": [9, 9, 9], "uv": [0, 108]}
					]
				},
				{
					"name": "heart",
					"parent": "root",
					"pivot": [0, 24, -6],
					"cubes": [
						{"origin": [-2, 21, -7], "size": [5, 6, 2], "uv": [72, 50]},
						{"origin": [-3, 24, -7], "size": [5, 4, 2], "uv": [70, 16]},
						{"origin": [0, 20, -7], "size": [2, 3, 2], "uv": [0, 20]}
					]
				}
			]
		}
	]
}