{"format_version":"1.12.0","minecraft:geometry":[{"bones":[{"name":"root","pivot":[0,0,0]},{"name":"waist","parent":"root","pivot":[0,12,0]},{"name":"body","parent":"waist","pivot":[0,24,0]},{"name":"head","parent":"body","pivot":[0,24,0]},{"name":"hat","parent":"head","pivot":[0,24,0]},{"name":"cape","parent":"body","pivot":[0,24,3]},{"name":"leftArm","parent":"body","pivot":[5,22,0]},{"name":"leftSleeve","parent":"leftArm","pivot":[5,22,0]},{"name":"leftItem","parent":"leftArm","pivot":[6,15,1]},{"name":"rightArm","parent":"body","pivot":[-5,22,0]},{"name":"rightSleeve","parent":"rightArm","pivot":[-5,22,0]},{"locators":{"lead_hold":[-6,15,1]},"name":"rightItem","parent":"rightArm","pivot":[-6,15,1]},{"name":"pistolRoot","parent":"rightItem","pivot":[0,0,0]},{"cubes":[{"origin":[-1.89575,0,4.763],"pivot":[0,0,14.3],"rotation":[0,2.5,0],"size":[4.6825,1.782,4.664],"uv":[0,10]},{"origin":[-2.6325,0,5.33],"pivot":[0,0,13],"rotation":[0,2.5,0],"size":[6.075,1.62,4.24],"uv":[0,10]},{"origin":[1.70733,0,3.04457],"pivot":[2,0,4],"rotation":[60.46276,50.00316,77.01251],"size":[6.5,2,2],"uv":[0,10]},{"origin":[0.75,0,-2],"pivot":[2,0,3],"rotation":[-2.5,0,0],"size":[2.5,2,7],"uv":[0,10]},{"origin":[-3.58622,0,-2.38559],"pivot":[-1,0,3],"rotation":[-5.06062,12.48791,-0.55404],"size":[2.5,2,8],"uv":[0,10]},{"origin":[-4.73368,0.45702,-8.9182],"pivot":[-3,2,-2],"rotation":[24.93938,12.48791,-0.55404],"size":[2.5,2,7],"uv":[0,10]},{"origin":[-1.25,0,-3],"pivot":[2,0,3],"rotation":[-7.52154,7.49282,-0.32902],"size":[2.5,2,8],"uv":[0,10]},{"origin":[-1.9077,0.65743,-10.95519],"pivot":[2,1,-2],"rotation":[17.47846,7.49282,-0.32902],"size":[2.5,2,9],"uv":[0,10]},{"origin":[0.75,0.21905,-9.96114],"pivot":[2,1,-2],"rotation":[15,0,0],"size":[2.5,2,8],"uv":[0,10]}],"name":"pistol","parent":"pistolRoot","pivot":[0,0,4]},{"name":"jacket","parent":"body","pivot":[0,24,0]},{"name":"leftLeg","parent":"root","pivot":[1.9,12,0]},{"name":"leftPants","parent":"leftLeg","pivot":[1.9,12,0]},{"name":"rightLeg","parent":"root","pivot":[-1.9,12,0]},{"name":"rightPants","parent":"rightLeg","pivot":[-1.9,12,0]}],"description":{"identifier":"geometry.endersoul","texture_height":64,"texture_width":64,"visible_bounds_height":2.5,"visible_bounds_offset":[0,0.75,0],"visible_bounds_width":4}}]}