{
	"format_version": "1.12.0",
	"minecraft:geometry": [
		{
			"description": {
				"identifier": "geometry.ender_rock",
				"texture_width": 16,
				"texture_height": 16,
				"visible_bounds_width": 2,
				"visible_bounds_height": 4.5,
				"visible_bounds_offset": [0, 1.75, 0]
			},
			"bones": [
				{
					"name": "bone",
					"pivot": [0, 0, 0],
					"cubes": [
						{"origin": [-6, 0, -6], "size": [12, 18, 12], "uv": [0, 0]},
						{"origin": [-5, 18, -5], "size": [10, 13, 10], "uv": [0, 0]},
						{"origin": [-4, 31, -4], "size": [8, 12, 8], "uv": [0, 0]},
						{"origin": [-3, 43, -3], "size": [6, 6, 6], "uv": [0, 0]}
					]
				}
			]
		}
	]
}