{
	"format_version": "1.12.0",
	"minecraft:geometry": [
		{
			"description": {
				"identifier": "geometry.mutantenderman_block",
				"texture_width": 111,
				"texture_height": 111,
				"visible_bounds_width": 3,
				"visible_bounds_height": 5.5,
				"visible_bounds_offset": [0, 2.25, 0]
			},
			"bones": [
				{
					"name": "root",
					"pivot": [0, 0, 0]
				},
				{
					"name": "torso",
					"parent": "root",
					"pivot": [0, 31, 0],
					"cubes": [
						{"origin": [-4, 31, -2], "size": [8, 11, 4], "pivot": [0, 32, 0], "rotation": [-10, 0, 0], "uv": [6, 66]}
					]
				},
				{
					"name": "torso2",
					"parent": "torso",
					"pivot": [0, 42, 2],
					"rotation": [15, 0, 0],
					"cubes": [
						{"origin": [-5, 41, -1], "size": [10, 14, 5], "pivot": [0, 42, 2], "rotation": [5, 0, 0], "uv": [6, 66]}
					]
				},
				{
					"name": "right_arm",
					"parent": "torso2",
					"pivot": [5, 54, 0],
					"rotation": [7.5, 0, -15],
					"cubes": [
						{"origin": [5, 37.32, -1.28], "size": [2.56, 17.6, 2.56], "uv": [6, 66]}
					]
				},
				{
					"name": "right_arm2",
					"parent": "right_arm",
					"pivot": [7, 38, 0],
					"rotation": [-5, 0, 0],
					"cubes": [
						{"origin": [5, 20.73948, -0.9861], "size": [2.4, 17, 2.4], "pivot": [4.8, 38, 1], "rotation": [-32.41643, 2.11089, 4.53359], "uv": [6, 66]}
					]
				},
				{
					"name": "right_hand",
					"parent": "right_arm2",
					"pivot": [5, 24, -9],
					"rotation": [-27.5, 0, 10],
					"cubes": [
						{"origin": [4, 20, -11], "size": [2, 4, 5], "pivot": [5, 24, -9], "rotation": [-4.98107, -0.43523, -4.98107], "uv": [6, 66]}
					]
				},
				{
					"name": "nail",
					"parent": "right_hand",
					"pivot": [5, 20, -8],
					"rotation": [32.5, 0, 0],
					"cubes": [
						{"origin": [4.01, 16.04, -9.98], "size": [1.98, 3.96, 1.98], "pivot": [5, 20, -8], "rotation": [-35, 0, 0], "uv": [6, 66]}
					]
				},
				{
					"name": "nail2",
					"parent": "nail",
					"pivot": [4.95, 17.87, -10.87],
					"rotation": [17.5, 0, 30],
					"cubes": [
						{"origin": [3.96638, 11.07095, -11.96], "size": [1.98, 5.96, 1.98], "pivot": [4.95638, 17.03095, -9.98], "rotation": [-54.09281, 13.76875, 2.24873], "uv": [6, 66]}
					]
				},
				{
					"name": "nail7",
					"parent": "right_hand",
					"pivot": [5, 20, -10],
					"rotation": [25, 0, 0],
					"cubes": [
						{"origin": [4.01, 16.04, -11.98], "size": [1.98, 3.96, 1.98], "pivot": [5, 20, -10], "rotation": [-35, 0, 0], "uv": [6, 66]}
					]
				},
				{
					"name": "nail8",
					"parent": "nail7",
					"pivot": [4.95, 17.87, -12.87],
					"rotation": [17.5, 0, 30],
					"cubes": [
						{"origin": [3.96638, 12.07095, -13.96], "size": [1.98, 4.96, 1.98], "pivot": [4.95638, 17.03095, -11.98], "rotation": [-49.09281, 13.76875, 2.24873], "uv": [6, 66]}
					]
				},
				{
					"name": "nail5",
					"parent": "right_hand",
					"pivot": [5, 20, -7],
					"rotation": [37.5, 0, 0],
					"cubes": [
						{"origin": [4.01, 15.61738, -8.07369], "size": [1.98, 3.96, 1.98], "pivot": [5, 19.57738, -6.09369], "rotation": [-35, 0, 0], "uv": [6, 66]}
					]
				},
				{
					"name": "nail6",
					"parent": "nail5",
					"pivot": [4.95, 17.44738, -8.96369],
					"rotation": [17.5, 0, 30],
					"cubes": [
						{"origin": [3.96638, 11.64833, -10.05369], "size": [1.98, 4.96, 1.98], "pivot": [4.95638, 16.60833, -8.07369], "rotation": [-49.09281, 13.76875, 2.24873], "uv": [6, 66]}
					]
				},
				{
					"name": "nail3",
					"parent": "right_hand",
					"pivot": [5, 23, -10],
					"rotation": [-7.5, 0, 0],
					"cubes": [
						{"origin": [4.01, 19.04, -11.98], "size": [1.98, 3.96, 1.98], "pivot": [5, 23, -10], "rotation": [-35, 0, 0], "uv": [6, 66]}
					]
				},
				{
					"name": "nail4",
					"parent": "nail3",
					"pivot": [4.95, 20.87, -12.87],
					"rotation": [17.5, 0, 30],
					"cubes": [
						{"origin": [3.96638, 16.07095, -13.96], "size": [1.98, 3.96, 1.98], "pivot": [4.95638, 20.03095, -11.98], "rotation": [-35, 0, 0], "uv": [6, 66]}
					]
				},
				{
					"name": "block2",
					"parent": "right_hand",
					"pivot": [18, 21, -9],
					"rotation": [175.01893, -0.43523, -4.98107],
					"cubes": [
						{"origin": [-6, 18, -14], "size": [8, 8, 8], "pivot": [10, 21, -9], "rotation": [0, 0, -5], "uv": [47, 95]}
					]
				},
				{
					"name": "right_arm3",
					"parent": "torso2",
					"pivot": [5, 54, 0],
					"rotation": [7.5, 0, -15],
					"cubes": [
						{"origin": [5, 37.32, -1.28], "size": [2.56, 17.6, 2.56], "uv": [6, 66]}
					]
				},
				{
					"name": "right_arm4",
					"parent": "right_arm3",
					"pivot": [7, 38, 0],
					"rotation": [-5, 0, 0],
					"cubes": [
						{"origin": [5, 20.73948, -0.9861], "size": [2.4, 17, 2.4], "pivot": [4.8, 38, 1], "rotation": [-32.41643, 2.11089, 4.53359], "uv": [6, 66]}
					]
				},
				{
					"name": "right_hand2",
					"parent": "right_arm4",
					"pivot": [5, 24, -9],
					"rotation": [-27.5, 0, 10],
					"cubes": [
						{"origin": [4, 20, -11], "size": [2, 4, 5], "pivot": [5, 24, -9], "rotation": [-4.98107, -0.43523, -4.98107], "uv": [6, 66]}
					]
				},
				{
					"name": "nail25",
					"parent": "right_hand2",
					"pivot": [5, 20, -8],
					"rotation": [32.5, 0, 0],
					"cubes": [
						{"origin": [4.01, 16.04, -9.98], "size": [1.98, 3.96, 1.98], "pivot": [5, 20, -8], "rotation": [-35, 0, 0], "uv": [6, 66]}
					]
				},
				{
					"name": "nail26",
					"parent": "nail25",
					"pivot": [4.95, 17.87, -10.87],
					"rotation": [17.5, 0, 30],
					"cubes": [
						{"origin": [3.96638, 11.07095, -11.96], "size": [1.98, 5.96, 1.98], "pivot": [4.95638, 17.03095, -9.98], "rotation": [-54.09281, 13.76875, 2.24873], "uv": [6, 66]}
					]
				},
				{
					"name": "nail27",
					"parent": "right_hand2",
					"pivot": [5, 20, -10],
					"rotation": [25, 0, 0],
					"cubes": [
						{"origin": [4.01, 16.04, -11.98], "size": [1.98, 3.96, 1.98], "pivot": [5, 20, -10], "rotation": [-35, 0, 0], "uv": [6, 66]}
					]
				},
				{
					"name": "nail28",
					"parent": "nail27",
					"pivot": [4.95, 17.87, -12.87],
					"rotation": [17.5, 0, 30],
					"cubes": [
						{"origin": [3.96638, 12.07095, -13.96], "size": [1.98, 4.96, 1.98], "pivot": [4.95638, 17.03095, -11.98], "rotation": [-49.09281, 13.76875, 2.24873], "uv": [6, 66]}
					]
				},
				{
					"name": "nail29",
					"parent": "right_hand2",
					"pivot": [5, 20, -7],
					"rotation": [37.5, 0, 0],
					"cubes": [
						{"origin": [4.01, 15.61738, -8.07369], "size": [1.98, 3.96, 1.98], "pivot": [5, 19.57738, -6.09369], "rotation": [-35, 0, 0], "uv": [6, 66]}
					]
				},
				{
					"name": "nail30",
					"parent": "nail29",
					"pivot": [4.95, 17.44738, -8.96369],
					"rotation": [17.5, 0, 30],
					"cubes": [
						{"origin": [3.96638, 11.64833, -10.05369], "size": [1.98, 4.96, 1.98], "pivot": [4.95638, 16.60833, -8.07369], "rotation": [-49.09281, 13.76875, 2.24873], "uv": [6, 66]}
					]
				},
				{
					"name": "nail31",
					"parent": "right_hand2",
					"pivot": [5, 23, -10],
					"rotation": [-7.5, 0, 0],
					"cubes": [
						{"origin": [4.01, 19.04, -11.98], "size": [1.98, 3.96, 1.98], "pivot": [5, 23, -10], "rotation": [-35, 0, 0], "uv": [6, 66]}
					]
				},
				{
					"name": "nail32",
					"parent": "nail31",
					"pivot": [4.95, 20.87, -12.87],
					"rotation": [17.5, 0, 30],
					"cubes": [
						{"origin": [3.96638, 16.07095, -13.96], "size": [1.98, 3.96, 1.98], "pivot": [4.95638, 20.03095, -11.98], "rotation": [-35, 0, 0], "uv": [6, 66]}
					]
				},
				{
					"name": "left_arm3",
					"parent": "torso2",
					"pivot": [-5, 54, 0],
					"rotation": [7.5, 0, 15],
					"cubes": [
						{"origin": [-7.56, 37.32, -1.28], "size": [2.56, 17.6, 2.56], "uv": [6, 66], "mirror": true}
					]
				},
				{
					"name": "left_arm4",
					"parent": "left_arm3",
					"pivot": [-7, 38, 0],
					"rotation": [-5, 0, 0],
					"cubes": [
						{"origin": [-7.4, 20.73948, -0.9861], "size": [2.4, 17, 2.4], "pivot": [-4.8, 38, 1], "rotation": [-32.41643, -2.11089, -4.53359], "uv": [6, 66], "mirror": true}
					]
				},
				{
					"name": "left_hand",
					"parent": "left_arm4",
					"pivot": [-5, 24, -9],
					"rotation": [-27.5, 0, -10],
					"cubes": [
						{"origin": [-6, 20, -11], "size": [2, 4, 5], "pivot": [-5, 24, -9], "rotation": [-4.98107, 0.43523, 4.98107], "uv": [6, 66], "mirror": true}
					]
				},
				{
					"name": "nail9",
					"parent": "left_hand",
					"pivot": [-5, 20, -8],
					"rotation": [32.5, 0, 0],
					"cubes": [
						{"origin": [-5.99, 16.04, -9.98], "size": [1.98, 3.96, 1.98], "pivot": [-5, 20, -8], "rotation": [-35, 0, 0], "uv": [6, 66], "mirror": true}
					]
				},
				{
					"name": "nail10",
					"parent": "nail9",
					"pivot": [-4.95, 17.87, -10.87],
					"rotation": [17.5, 0, -30],
					"cubes": [
						{"origin": [-5.94638, 11.07095, -11.96], "size": [1.98, 5.96, 1.98], "pivot": [-4.95638, 17.03095, -9.98], "rotation": [-54.09281, -13.76875, -2.24873], "uv": [6, 66], "mirror": true}
					]
				},
				{
					"name": "nail11",
					"parent": "left_hand",
					"pivot": [-5, 20, -10],
					"rotation": [25, 0, 0],
					"cubes": [
						{"origin": [-5.99, 16.04, -11.98], "size": [1.98, 3.96, 1.98], "pivot": [-5, 20, -10], "rotation": [-35, 0, 0], "uv": [6, 66], "mirror": true}
					]
				},
				{
					"name": "nail12",
					"parent": "nail11",
					"pivot": [-4.95, 17.87, -12.87],
					"rotation": [17.5, 0, -30],
					"cubes": [
						{"origin": [-5.94638, 12.07095, -13.96], "size": [1.98, 4.96, 1.98], "pivot": [-4.95638, 17.03095, -11.98], "rotation": [-49.09281, -13.76875, -2.24873], "uv": [6, 66], "mirror": true}
					]
				},
				{
					"name": "nail13",
					"parent": "left_hand",
					"pivot": [-5, 20, -7],
					"rotation": [37.5, 0, 0],
					"cubes": [
						{"origin": [-5.99, 15.61738, -8.07369], "size": [1.98, 3.96, 1.98], "pivot": [-5, 19.57738, -6.09369], "rotation": [-35, 0, 0], "uv": [6, 66], "mirror": true}
					]
				},
				{
					"name": "nail14",
					"parent": "nail13",
					"pivot": [-4.95, 17.44738, -8.96369],
					"rotation": [17.5, 0, -30],
					"cubes": [
						{"origin": [-5.94638, 11.64833, -10.05369], "size": [1.98, 4.96, 1.98], "pivot": [-4.95638, 16.60833, -8.07369], "rotation": [-49.09281, -13.76875, -2.24873], "uv": [6, 66], "mirror": true}
					]
				},
				{
					"name": "nail15",
					"parent": "left_hand",
					"pivot": [-5, 23, -10],
					"rotation": [-7.5, 0, 0],
					"cubes": [
						{"origin": [-5.99, 19.04, -11.98], "size": [1.98, 3.96, 1.98], "pivot": [-5, 23, -10], "rotation": [-35, 0, 0], "uv": [6, 66], "mirror": true}
					]
				},
				{
					"name": "nail16",
					"parent": "nail15",
					"pivot": [-4.95, 20.87, -12.87],
					"rotation": [17.5, 0, -30],
					"cubes": [
						{"origin": [-5.94638, 16.07095, -13.96], "size": [1.98, 3.96, 1.98], "pivot": [-4.95638, 20.03095, -11.98], "rotation": [-35, 0, 0], "uv": [6, 66], "mirror": true}
					]
				},
				{
					"name": "block",
					"parent": "left_hand",
					"pivot": [-2, 20, -9],
					"rotation": [175, 0, 0],
					"cubes": [
						{"origin": [-2, 17, -14], "size": [8, 8, 8], "uv": [47, 95]}
					]
				},
				{
					"name": "left_arm2",
					"parent": "torso2",
					"pivot": [-5, 54, 0],
					"rotation": [7.5, 0, 15],
					"cubes": [
						{"origin": [-7.56, 37.32, -1.28], "size": [2.56, 17.6, 2.56], "uv": [6, 66], "mirror": true}
					]
				},
				{
					"name": "left_arm5",
					"parent": "left_arm2",
					"pivot": [-7, 38, 0],
					"rotation": [-5, 0, 0],
					"cubes": [
						{"origin": [-7.4, 20.73948, -0.9861], "size": [2.4, 17, 2.4], "pivot": [-4.8, 38, 1], "rotation": [-32.41643, -2.11089, -4.53359], "uv": [6, 66], "mirror": true}
					]
				},
				{
					"name": "left_hand2",
					"parent": "left_arm5",
					"pivot": [-5, 24, -9],
					"rotation": [-27.5, 0, -10],
					"cubes": [
						{"origin": [-6, 20, -11], "size": [2, 4, 5], "pivot": [-5, 24, -9], "rotation": [-4.98107, 0.43523, 4.98107], "uv": [6, 66], "mirror": true}
					]
				},
				{
					"name": "nail17",
					"parent": "left_hand2",
					"pivot": [-5, 20, -8],
					"rotation": [32.5, 0, 0],
					"cubes": [
						{"origin": [-5.99, 16.04, -9.98], "size": [1.98, 3.96, 1.98], "pivot": [-5, 20, -8], "rotation": [-35, 0, 0], "uv": [6, 66], "mirror": true}
					]
				},
				{
					"name": "nail18",
					"parent": "nail17",
					"pivot": [-4.95, 17.87, -10.87],
					"rotation": [17.5, 0, -30],
					"cubes": [
						{"origin": [-5.94638, 11.07095, -11.96], "size": [1.98, 5.96, 1.98], "pivot": [-4.95638, 17.03095, -9.98], "rotation": [-54.09281, -13.76875, -2.24873], "uv": [6, 66], "mirror": true}
					]
				},
				{
					"name": "nail19",
					"parent": "left_hand2",
					"pivot": [-5, 20, -10],
					"rotation": [25, 0, 0],
					"cubes": [
						{"origin": [-5.99, 16.04, -11.98], "size": [1.98, 3.96, 1.98], "pivot": [-5, 20, -10], "rotation": [-35, 0, 0], "uv": [6, 66], "mirror": true}
					]
				},
				{
					"name": "nail20",
					"parent": "nail19",
					"pivot": [-4.95, 17.87, -12.87],
					"rotation": [17.5, 0, -30],
					"cubes": [
						{"origin": [-5.94638, 12.07095, -13.96], "size": [1.98, 4.96, 1.98], "pivot": [-4.95638, 17.03095, -11.98], "rotation": [-49.09281, -13.76875, -2.24873], "uv": [6, 66], "mirror": true}
					]
				},
				{
					"name": "nail21",
					"parent": "left_hand2",
					"pivot": [-5, 20, -7],
					"rotation": [37.5, 0, 0],
					"cubes": [
						{"origin": [-5.99, 15.61738, -8.07369], "size": [1.98, 3.96, 1.98], "pivot": [-5, 19.57738, -6.09369], "rotation": [-35, 0, 0], "uv": [6, 66], "mirror": true}
					]
				},
				{
					"name": "nail22",
					"parent": "nail21",
					"pivot": [-4.95, 17.44738, -8.96369],
					"rotation": [17.5, 0, -30],
					"cubes": [
						{"origin": [-5.94638, 11.64833, -10.05369], "size": [1.98, 4.96, 1.98], "pivot": [-4.95638, 16.60833, -8.07369], "rotation": [-49.09281, -13.76875, -2.24873], "uv": [6, 66], "mirror": true}
					]
				},
				{
					"name": "nail23",
					"parent": "left_hand2",
					"pivot": [-5, 23, -10],
					"rotation": [-7.5, 0, 0],
					"cubes": [
						{"origin": [-5.99, 19.04, -11.98], "size": [1.98, 3.96, 1.98], "pivot": [-5, 23, -10], "rotation": [-35, 0, 0], "uv": [6, 66], "mirror": true}
					]
				},
				{
					"name": "nail24",
					"parent": "nail23",
					"pivot": [-4.95, 20.87, -12.87],
					"rotation": [17.5, 0, -30],
					"cubes": [
						{"origin": [-5.94638, 16.07095, -13.96], "size": [1.98, 3.96, 1.98], "pivot": [-4.95638, 20.03095, -11.98], "rotation": [-35, 0, 0], "uv": [6, 66], "mirror": true}
					]
				},
				{
					"name": "head",
					"parent": "torso2",
					"pivot": [0, 55, 0],
					"cubes": [
						{"origin": [-0.78, 54.44, -0.78], "size": [2.34, 2.56, 2.34], "uv": [6, 66]},
						{"origin": [-4, 58, -5], "size": [9, 9, 9], "uv": [1, 90]}
					]
				},
				{
					"name": "teeth",
					"parent": "head",
					"pivot": [0, 61, 4],
					"cubes": [
						{"origin": [-4, 57, -5], "size": [9, 1, 9], "uv": [6, 66]},
						{"origin": [-2, 57.26172, -3.00571], "size": [5, 1, 6], "uv": [40, 1]},
						{"origin": [-4, 57, 4], "size": [9, 4, 0], "uv": [6, 66]},
						{"origin": [-4, 57, -5], "size": [0, 3, 1], "uv": [6, 66]},
						{"origin": [-4, 57, -4], "size": [0, 2, 6], "uv": [6, 66]},
						{"origin": [5, 57, -4], "size": [0, 2, 6], "uv": [6, 66]},
						{"origin": [5, 57, -5], "size": [0, 3, 1], "uv": [6, 66]},
						{"origin": [-1, 57, -5], "size": [3, 3, 0], "uv": [6, 66]},
						{"origin": [4, 57, -5], "size": [1, 3, 0], "uv": [6, 66]},
						{"origin": [-4, 57, -5], "size": [1, 3, 0], "uv": [6, 66]},
						{"origin": [-4, 57, -5], "size": [9, 2, 0], "uv": [6, 66]}
					]
				},
				{
					"name": "right_leg",
					"parent": "root",
					"pivot": [3, 31, 0],
					"rotation": [-25, 0, -10],
					"cubes": [
						{"origin": [1, 15, -2], "size": [3, 17, 3], "uv": [6, 66]}
					]
				},
				{
					"name": "right_leg2",
					"parent": "right_leg",
					"pivot": [3, 15, 0],
					"rotation": [32.47528, -1.34295, 2.10886],
					"cubes": [
						{"origin": [1, -2, -2], "size": [3, 18, 3], "uv": [6, 66]}
					]
				},
				{
					"name": "left_leg3",
					"parent": "root",
					"pivot": [-3, 31, 0],
					"rotation": [-25, 0, 10],
					"cubes": [
						{"origin": [-4, 15, -2], "size": [3, 17, 3], "uv": [6, 66], "mirror": true}
					]
				},
				{
					"name": "left_leg4",
					"parent": "left_leg3",
					"pivot": [-3, 15, 0],
					"rotation": [32.47528, 1.34295, -2.10886],
					"cubes": [
						{"origin": [-4, -2, -2], "size": [3, 18, 3], "uv": [6, 66], "mirror": true}
					]
				}
			]
		}
	]
}