{
	"format_version": "1.12.0",
	"minecraft:geometry": [
		{
			"description": {
				"identifier": "geometry.opheebop",
				"texture_width": 256,
				"texture_height": 256,
				"visible_bounds_width": 7,
				"visible_bounds_height": 3.5,
				"visible_bounds_offset": [0, 1.25, 0]
			},
			"bones": [
				{
					"name": "all",
					"pivot": [0, 0, 0]
				},
				{
					"name": "torso",
					"parent": "all",
					"pivot": [0, 0, 0],
					"cubes": [
						{"origin": [-9, 0, -9], "size": [18, 2, 18], "uv": [0, 20]},
						{"origin": [-8.1, 1.8, -8.1], "size": [16.2, 1.8, 16.2], "uv": [48, 41]},
						{"origin": [-7.29, 3.42, -7.29], "size": [14.58, 1.62, 14.58], "uv": [54, 20]},
						{"origin": [-6.561, 4.878, -6.561], "size": [13.122, 1.458, 13.122], "uv": [0, 80]},
						{"origin": [-5.9049, 5.2902, -5.9049], "size": [11.8098, 2.3122, 11.8098], "uv": [96, 0]},
						{"origin": [-5.31441, 4.76118, -4.41441], "size": [10.62882, 8.98098, 9.72882], "uv": [96, 35]}
					]
				},
				{
					"name": "torso2",
					"parent": "torso",
					"pivot": [0, 13, 0],
					"rotation": [12.5, 0, 0],
					"cubes": [
						{"origin": [-5.4, 12.27766, -4.42578], "size": [10.8, 10.9, 9.9], "uv": [0, 94]},
						{"origin": [-5.4, 22.27766, -4.42578], "size": [10.8, 3.9, 9.9], "pivot": [0, 22.27766, 5.07422], "rotation": [7.5, 0, 0], "uv": [103, 52]}
					]
				},
				{
					"name": "head",
					"parent": "torso2",
					"pivot": [0, 25, -2],
					"cubes": [
						{"origin": [-6, 25, -7], "size": [12, 12, 11], "uv": [46, 58]},
						{"origin": [5, 34, -6], "size": [2, 5, 2], "uv": [0, 20]},
						{"origin": [-7, 34, -6], "size": [2, 5, 2], "uv": [10, 0]},
						{"origin": [5.46934, 38.09631, -6], "size": [1, 3, 1], "uv": [6, 5]},
						{"origin": [-6.46934, 38.09631, -6], "size": [1, 3, 1], "uv": [6, 0]}
					]
				},
				{
					"name": "tail",
					"parent": "torso",
					"pivot": [0, 7, 5],
					"cubes": [
						{"origin": [-1, 7, 5], "size": [1, 1, 9], "uv": [81, 58]}
					]
				},
				{
					"name": "tail2",
					"parent": "tail",
					"pivot": [0, 7, 14],
					"cubes": [
						{"origin": [-1, 7, 14], "size": [1, 1, 10], "uv": [112, 103]}
					]
				},
				{
					"name": "tail3",
					"parent": "tail2",
					"pivot": [0, 7, 23],
					"cubes": [
						{"origin": [-1, 7, 23], "size": [1, 1, 10], "uv": [112, 82]}
					]
				},
				{
					"name": "tail4",
					"parent": "tail3",
					"pivot": [0, 7, 32],
					"cubes": [
						{"origin": [-1, 7, 32], "size": [1, 1, 10], "uv": [100, 104]}
					]
				},
				{
					"name": "second_patch",
					"parent": "tail4",
					"pivot": [0, 7, 42],
					"cubes": [
						{"origin": [-1, 7, 39], "size": [1, 1, 4], "pivot": [-1, 7, 43], "rotation": [0, -35, 0], "uv": [4, 25]},
						{"origin": [-2, 7, 39], "size": [1, 1, 3], "pivot": [-1, 7, 43], "rotation": [0, -35, 0], "uv": [8, 30]},
						{"origin": [-1, 7, 39], "size": [1, 1, 4], "pivot": [0, 7, 43], "rotation": [0, 35, 0], "uv": [8, 20]},
						{"origin": [0, 7, 39], "size": [1, 1, 3], "pivot": [0, 7, 43], "rotation": [0, 35, 0], "uv": [0, 34]}
					]
				},
				{
					"name": "error",
					"pivot": [21, 0, 0]
				},
				{
					"name": "torso3",
					"parent": "error",
					"pivot": [21, 0, 0],
					"cubes": [
						{"origin": [12, 0, -9], "size": [18, 2, 18], "uv": [0, 0]},
						{"origin": [12.9, 1.8, -8.1], "size": [16.2, 1.8, 16.2], "uv": [0, 40]},
						{"origin": [13.71, 3.42, -7.29], "size": [14.58, 1.62, 14.58], "uv": [54, 0]},
						{"origin": [14.439, 4.878, -6.561], "size": [13.122, 1.458, 13.122], "uv": [79, 68]},
						{"origin": [15.0951, 5.2902, -5.9049], "size": [11.8098, 2.3122, 11.8098], "uv": [79, 90]},
						{"origin": [15.68559, 4.76118, -4.41441], "size": [10.62882, 8.98098, 9.72882], "uv": [96, 15]}
					]
				},
				{
					"name": "torso4",
					"parent": "torso3",
					"pivot": [21, 13, 0],
					"rotation": [12.5, 0, 0],
					"cubes": [
						{"origin": [15.6, 12.27766, -4.42578], "size": [10.8, 10.9, 9.9], "uv": [52, 82]},
						{"origin": [15.6, 22.27766, -4.42578], "size": [10.8, 3.9, 9.9], "pivot": [21, 22.27766, 5.07422], "rotation": [7.5, 0, 0], "uv": [38, 101]}
					]
				},
				{
					"name": "head2",
					"parent": "torso4",
					"pivot": [21, 25, -2],
					"cubes": [
						{"origin": [15, 25, -7], "size": [12, 12, 11], "uv": [0, 57]},
						{"origin": [26, 34, -6], "size": [2, 5, 2], "uv": [0, 10]},
						{"origin": [14, 34, -6], "size": [2, 5, 2], "uv": [8, 8]},
						{"origin": [26.46934, 38.09631, -6], "size": [1, 3, 1], "uv": [0, 5]},
						{"origin": [14.53066, 38.09631, -6], "size": [1, 3, 1], "uv": [0, 0]}
					]
				},
				{
					"name": "tail5",
					"parent": "torso3",
					"pivot": [21, 7, 5],
					"cubes": [
						{"origin": [20, 7, 5], "size": [1, 1, 9], "uv": [39, 81]}
					]
				},
				{
					"name": "tail6",
					"parent": "tail5",
					"pivot": [21, 7, 14],
					"cubes": [
						{"origin": [20, 7, 14], "size": [1, 1, 10], "uv": [88, 103]}
					]
				},
				{
					"name": "tail7",
					"parent": "tail5",
					"pivot": [21, 7, 23],
					"cubes": [
						{"origin": [20, 7, 23], "size": [1, 1, 10], "uv": [66, 103]}
					]
				},
				{
					"name": "tail8",
					"parent": "tail5",
					"pivot": [21, 7, 32],
					"cubes": [
						{"origin": [20, 7, 32], "size": [1, 1, 10], "uv": [35, 57]}
					]
				},
				{
					"name": "second_patch2",
					"parent": "tail8",
					"pivot": [21, 7, 42],
					"cubes": [
						{"origin": [20, 7, 39], "size": [1, 1, 4], "pivot": [20, 7, 43], "rotation": [0, -35, 0], "uv": [0, 5]},
						{"origin": [19, 7, 39], "size": [1, 1, 3], "pivot": [20, 7, 43], "rotation": [0, -35, 0], "uv": [0, 30]},
						{"origin": [20, 7, 39], "size": [1, 1, 4], "pivot": [21, 7, 43], "rotation": [0, 35, 0], "uv": [0, 0]},
						{"origin": [21, 7, 39], "size": [1, 1, 3], "pivot": [21, 7, 43], "rotation": [0, 35, 0], "uv": [10, 25]}
					]
				}
			]
		}
	]
}