{
	"format_version": "1.12.0",
	"minecraft:geometry": [
		{
			"description": {
				"identifier": "geometry.sword",
				"texture_width": 64,
				"texture_height": 64,
				"visible_bounds_width": 4,
				"visible_bounds_height": 2.5,
				"visible_bounds_offset": [0, 0.75, 0]
			},
			"bones": [
				{
					"name": "root",
					"pivot": [0, 0, 0]
				},
				{
					"name": "waist",
					"parent": "root",
					"pivot": [0, 12, 0]
				},
				{
					"name": "body",
					"parent": "waist",
					"pivot": [0, 24, 0]
				},
				{
					"name": "head",
					"parent": "body",
					"pivot": [0, 24, 0]
				},
				{
					"name": "hat",
					"parent": "head",
					"pivot": [0, 24, 0]
				},
				{
					"name": "cape",
					"parent": "body",
					"pivot": [0, 24, 3]
				},
				{
					"name": "leftArm",
					"parent": "body",
					"pivot": [5, 22, 0]
				},
				{
					"name": "leftSleeve",
					"parent": "leftArm",
					"pivot": [5, 22, 0]
				},
				{
					"name": "leftItem",
					"parent": "leftArm",
					"pivot": [6, 15, 1]
				},
				{
					"name": "rightArm",
					"parent": "body",
					"pivot": [-5, 22, 0]
				},
				{
					"name": "rightSleeve",
					"parent": "rightArm",
					"pivot": [-5, 22, 0]
				},
				{
					"name": "rightItem",
					"parent": "rightArm",
					"pivot": [-6, 15, 1],
					"locators": {
						"lead_hold": [-6, 15, 1]
					}
				},
				{
					"name": "pistolRoot",
					"parent": "rightItem",
					"pivot": [0, 0, 0]
				},
				{
					"name": "pistol",
					"parent": "pistolRoot",
					"pivot": [0, 0, 4],
					"cubes": [
						{"origin": [-1.25, 5, 1], "size": [2.5, 3, 11], "uv": [28, 0]},
						{"origin": [-1.125, 5.5, -22.4], "size": [2.25, 2.7, 24.2], "uv": [0, 26]},
						{"origin": [-1.125, 5.5, -26.4], "size": [2.25, 2.7, 4.2], "uv": [11, 10]},
						{"origin": [-1.125, 5.5, -26.4], "size": [2.25, 2.7, 5.2], "pivot": [0, 8, -26], "rotation": [-12.5, 0, 0], "uv": [0, 26]},
						{"origin": [-1.125, 4.5, -22.4], "size": [2.25, 2.7, 24.2], "uv": [0, 0]},
						{"origin": [-1.25, 1.68183, -1.30996], "size": [2.5, 2, 6], "pivot": [0, 2, -1], "rotation": [47.5, 0, 0], "uv": [0, 38]},
						{"origin": [-1.25, 9.46954, -1.09654], "size": [2.5, 2, 7], "pivot": [0, 11, -1], "rotation": [-55, 0, 0], "uv": [0, 10]}
					]
				},
				{
					"name": "jacket",
					"parent": "body",
					"pivot": [0, 24, 0]
				},
				{
					"name": "leftLeg",
					"parent": "root",
					"pivot": [1.9, 12, 0]
				},
				{
					"name": "leftPants",
					"parent": "leftLeg",
					"pivot": [1.9, 12, 0]
				},
				{
					"name": "rightLeg",
					"parent": "root",
					"pivot": [-1.9, 12, 0]
				},
				{
					"name": "rightPants",
					"parent": "rightLeg",
					"pivot": [-1.9, 12, 0]
				}
			]
		}
	]
}