{
	"format_version": "1.12.0",
	"minecraft:geometry": [
		{
			"description": {
				"identifier": "geometry.titan_enderman",
				"texture_width": 128,
				"texture_height": 128,
				"visible_bounds_width": 4,
				"visible_bounds_height": 5.5,
				"visible_bounds_offset": [0, 2.25, 0]
			},
			"bones": [
				{
					"name": "top_body",
					"pivot": [-2, 48, 0],
					"cubes": [
						{"origin": [-2, 41, -1], "size": [3, 8, 3], "uv": [65, 44]},
						{"origin": [-7, 46, 0], "size": [12, 2, 2], "uv": [28, 4]},
						{"origin": [-7, 43, 0], "size": [12, 2, 2], "uv": [27, 12]},
						{"origin": [-7, 49, 0], "size": [12, 2, 2], "uv": [21, 0]},
						{"origin": [-6, 40, 0], "size": [10, 2, 2], "uv": [28, 8]},
						{"origin": [-9, 46, -5], "size": [2, 2, 7], "uv": [54, 59]},
						{"origin": [-9, 49, -5], "size": [2, 2, 7], "uv": [50, 1]},
						{"origin": [-8, 43, -5], "size": [2, 2, 7], "uv": [43, 57]},
						{"origin": [-7, 40, -5], "size": [2, 2, 7], "uv": [17, 57]},
						{"origin": [3, 40, -5], "size": [2, 2, 7], "uv": [56, 35]},
						{"origin": [5, 46, -5], "size": [2, 2, 7], "uv": [0, 59]},
						{"origin": [5, 49, -5], "size": [2, 2, 7], "uv": [32, 55]},
						{"origin": [4, 43, -5], "size": [2, 2, 7], "uv": [58, 10]},
						{"origin": [1, 46, -7], "size": [6, 2, 2], "uv": [67, 33]},
						{"origin": [1, 49, -7], "size": [6, 2, 2], "uv": [61, 4]},
						{"origin": [-9, 46, -7], "size": [6, 2, 2], "uv": [16, 66]},
						{"origin": [-9, 49, -7], "size": [6, 2, 2], "uv": [61, 0]},
						{"origin": [-8, 43, -6], "size": [6, 2, 2], "uv": [65, 61]},
						{"origin": [0, 43, -6], "size": [6, 2, 2], "uv": [65, 57]},
						{"origin": [0, 40, -6], "size": [5, 2, 2], "uv": [67, 37]},
						{"origin": [-7, 40, -6], "size": [5, 2, 2], "uv": [51, 44]},
						{"origin": [-2, 31, -1], "size": [3, 11, 3], "pivot": [-2, 41, 0], "rotation": [-10, 0, 0], "uv": [63, 19]},
						{"origin": [-6, 28, -2], "size": [11, 3, 5], "pivot": [-2, 41, 0], "rotation": [-10, 0, 0], "uv": [0, 14]},
						{"origin": [-2, 48, -1], "size": [3, 6, 3], "pivot": [-1, 48, 0], "rotation": [7.5, 0, 0], "uv": [32, 64]},
						{"origin": [-12, 53, -1], "size": [3, 3, 3], "pivot": [-1, 48, 0], "rotation": [7.5, 0, 0], "uv": [32, 64]},
						{"origin": [8, 53, -1], "size": [3, 3, 3], "pivot": [-1, 48, 0], "rotation": [7.5, 0, 0], "uv": [32, 64]},
						{"origin": [-15, 52, -2], "size": [29, 3, 3], "uv": [0, 0]}
					]
				},
				{
					"name": "head",
					"parent": "top_body",
					"pivot": [-11, 56, 0],
					"cubes": [
						{"origin": [-14, 56, -5], "size": [7, 7, 7], "uv": [0, 0]},
						{"origin": [-7, 60, -3], "size": [1, 7, 1], "uv": [46, 23]},
						{"origin": [-15, 60, -3], "size": [1, 7, 1], "uv": [42, 23]}
					]
				},
				{
					"name": "head2",
					"parent": "top_body",
					"pivot": [9, 56, 0],
					"cubes": [
						{"origin": [6, 56, -5], "size": [7, 7, 7], "uv": [0, 0]},
						{"origin": [13, 60, -3], "size": [1, 7, 1], "uv": [46, 23]},
						{"origin": [5, 60, -3], "size": [1, 7, 1], "uv": [42, 23]}
					]
				},
				{
					"name": "shoulder",
					"parent": "top_body",
					"pivot": [9, 52, 0],
					"cubes": [
						{"origin": [9, 51, -3], "size": [7, 2, 5], "pivot": [9, 52, 0], "rotation": [0, 0, -15], "uv": [46, 50]}
					]
				},
				{
					"name": "arm",
					"parent": "shoulder",
					"pivot": [13, 52, 0],
					"cubes": [
						{"origin": [12, 37, -2], "size": [3, 16, 3], "pivot": [13, 52, 0], "rotation": [0, 0, -15], "uv": [51, 23]},
						{"origin": [15.80471, 21.30264, -2.13132], "size": [3, 16, 3], "pivot": [17, 38, 0], "rotation": [-12.48848, 0.54094, -5.05919], "uv": [12, 40]}
					]
				},
				{
					"name": "shoulder2",
					"parent": "top_body",
					"pivot": [-11, 52, 0],
					"cubes": [
						{"origin": [-18, 51, -3], "size": [7, 2, 5], "pivot": [-11, 52, 0], "rotation": [0, 0, 15], "uv": [39, 16]}
					]
				},
				{
					"name": "arm2",
					"parent": "shoulder2",
					"pivot": [-15, 52, 0],
					"cubes": [
						{"origin": [-17, 37, -2], "size": [3, 16, 3], "pivot": [-15, 52, 0], "rotation": [0, 0, 15], "uv": [0, 40]},
						{"origin": [-20.80471, 21.30264, -2.13132], "size": [3, 16, 3], "pivot": [-19, 38, 0], "rotation": [-12.48848, -0.54094, 5.05919], "uv": [39, 36]}
					]
				},
				{
					"name": "leg",
					"parent": "top_body",
					"pivot": [-3, 29, -2],
					"cubes": [
						{"origin": [-6, 13, -3], "size": [4, 15, 3], "pivot": [-3, 29, -2], "rotation": [-7.5, 0, 0], "uv": [14, 22]},
						{"origin": [-6, -0.12833, -4.95789], "size": [4, 14, 3], "pivot": [-3, 14, -2], "rotation": [2.5, 0, 0], "uv": [25, 39]}
					]
				},
				{
					"name": "leg2",
					"parent": "top_body",
					"pivot": [4, 29, -2],
					"cubes": [
						{"origin": [1, 13, -3], "size": [4, 15, 3], "pivot": [4, 29, -2], "rotation": [-7.5, 0, 0], "uv": [0, 22]},
						{"origin": [1, -0.12833, -4.95789], "size": [4, 14, 3], "pivot": [4, 14, -2], "rotation": [2.5, 0, 0], "uv": [28, 22]}
					]
				}
			]
		}
	]
}