{"format_version":"1.16.100","minecraft:item":{"components":{"minecraft:allow_off_hand":false,"minecraft:cooldown":{"category":"reload","duration":0.2},"minecraft:creative_category":{"parent":"itemGroup.name.tools"},"minecraft:display_name":{"value":"sword"},"minecraft:food":{"can_always_eat":true},"minecraft:hand_equipped":true,"minecraft:icon":{"texture":"tf4"},"minecraft:max_stack_size":1,"minecraft:render_offsets":{"main_hand":{"first_person":{"scale":[0,0,0]},"third_person":{"scale":[0,0,0]}}},"minecraft:stacked_by_data":true,"minecraft:use_animation":"bow","minecraft:use_duration":999999},"description":{"category":"Equipment","identifier":"weapon:sword"}}}