{"format_version":"1.10.0","minecraft:client_entity":{"description":{"animations":{"cast":"animation.opheebop.cast","general":"animation.opheebop.general","move":"animation.opheebop.move","root":"controller.animation.opheebop.root"},"geometry":{"default":"geometry.opheebop"},"identifier":"null:opheebop","materials":{"default":"spider"},"min_engine_version":"1.8.0","render_controllers":["controller.render.skeleton"],"scripts":{"animate":["root"],"pre_animation":["variable.random = math.round(math.random(0,3));","variable.attack = Math.sin(variable.attack_time * 30.0);","variable.attack_var = variable.attack_var;"],"scale":"1"},"spawn_egg":{"base_color":"#000101","overlay_color":"#001110"},"textures":{"default":"textures/entity/opheebop"}}}}