{"format_version":"1.10.0","minecraft:client_entity":{"description":{"animations":{"attack":"animation.ender_hand.attack","attack2":"animation.ender_hand.attack2","root":"animation.ender_hand.def"},"geometry":{"default":"geometry.ender_hand"},"identifier":"enders:end_hand","materials":{"default":"spider"},"min_engine_version":"1.8.0","render_controllers":["controller.render.skeleton"],"scripts":{"animate":["root",{"attack":"variable.attack_time > 0 && variable.random == 0"},{"attack2":"variable.attack_time > 0 && variable.random == 1"}],"pre_animation":["variable.random = math.round(math.random(0,3));","variable.attack = Math.sin(variable.attack_time * 30.0);","variable.attack_var = variable.attack_var;"],"scale":"1.3"},"spawn_egg":{"texture":"no","texture_index":0},"textures":{"default":"textures/entity/menderman"}}}}