{"format_version":"1.8.0","minecraft:entity":{"components":{"minecraft:area_attack":{"cause":"contact","damage_per_tick":8,"damage_range":2,"entity_filter":{"any_of":[{"subject":"other","test":"is_family","value":"villager"},{"subject":"other","test":"is_family","value":"player"},{"subject":"other","test":"is_family","value":"monster"},{"subject":"other","test":"is_family","value":"undead"},{"subject":"other","test":"is_family","value":"mob"},{"subject":"other","test":"is_family","value":"snowgolem"},{"subject":"other","test":"is_family","value":"irongolem"}]}},"minecraft:collision_box":{"height":0.4,"width":0.4},"minecraft:explode":{"causesFire":false,"fuseLength":0.83332,"fuseLit":true,"power":0},"minecraft:health":{"max":50,"min":50,"value":50},"minecraft:knockback_resistance":{"value":10},"minecraft:scale":{"value":1},"minecraft:type_family":{"family":["inanimate"]}},"description":{"identifier":"fnf:arrowkey","is_experimental":false,"is_spawnable":false,"is_summonable":true}}}