{"format_version":"1.8.0","minecraft:entity":{"components":{"minecraft:collision_box":{"height":-0.5,"width":-0.5},"minecraft:explode":{"causesFire":false,"fuseLength":2,"fuseLit":true,"power":0},"minecraft:health":{"max":50,"min":50,"value":50},"minecraft:knockback_resistance":{"value":0.35},"minecraft:projectile":{"anchor":1,"catch_fire":false,"gravity":0,"inertia":1,"multiple_targets":true,"offset":[-0.15,-0.1,-0.15],"on_hit":{"impact_damage":{"damage":23,"destroy_on_hit":true,"knockback":false},"stick_in_ground":{"shake_time":0.35}},"power":6,"shoot_sound":"purr","should_bounce":true,"uncertainty_base":1,"uncertainty_multiplier":1},"minecraft:scale":{"value":1},"minecraft:type_family":{"family":["inanimate"]}},"description":{"identifier":"gun:bullet","is_experimental":false,"is_spawnable":false,"is_summonable":true,"runtime_identifier":"minecraft:llama_spit"}}}