{"format_version":"1.8.0","minecraft:entity":{"component_groups":{"minecraft:exploding":{"minecraft:break_blocks":{"breakable_blocks":["acacia_button","acacia_door","acacia_fence_gate","acacia_pressure_plate","acacia_stairs","acacia_standing_sign","acacia_trapdoor","acacia_wall_sign","activator_rail","andesite_stairs","anvil","bamboo","bamboo_sapling","barrel","barrier","beacon","bed","bedrock","beetroot","bell","birch_button","birch_door","birch_fence_gate","birch_pressure_plate","birch_stairs","birch_standing_sign","birch_trapdoor","birch_wall_sign","black_glazed_terracotta","blast_furnace","blue_glazed_terracotta","blue_ice","bone_block","bookshelf","brewing_stand","brick_block","brick_stairs","brown_glazed_terracotta","brown_mushroom","brown_mushroom_block","bubble_column","cactus","cake","camera","campfire","carpet","carrots","cartography_table","carved_pumpkin","cauldron","chemical_heat","chemistry_table","chest","chorus_flower","chorus_plant","clay","coal_block","coal_ore","cobblestone","cobblestone_wall","cocoa","colored_torch_bp","colored_torch_rg","composter","concrete","concretePowder","conduit","coral","coral_block","coral_fan","coral_fan_dead","coral_fan_hang","coral_fan_hang2","coral_fan_hang3","crafting_table","cyan_glazed_terracotta","dark_oak_button","dark_oak_door","dark_oak_fence_gate","dark_oak_pressure_plate","dark_oak_stairs","dark_oak_trapdoor","dark_prismarine_stairs","darkoak_standing_sign","darkoak_wall_sign","daylight_detector","daylight_detector_inverted","deadbush","detector_rail","diamond_block","diamond_ore","diorite_stairs","dirt","dispenser","double_plant","double_stone_slab","double_stone_slab2","double_stone_slab3","double_stone_slab4","double_wooden_slab","dragon_egg","dried_kelp_block","dropper","emerald_block","emerald_ore","enchanting_table","end_brick_stairs","end_bricks","end_gateway","end_portal","end_portal_frame","end_rod","end_stone","ender_chest","farmland","fence","fence_gate","fletching_table","flower_pot","frame","frosted_ice","furnace","glass","glass_pane","glowingobsidian","glowstone","gold_block","gold_ore","golden_rail","granite_stairs","grass","grass_path","gravel","gray_glazed_terracotta","green_glazed_terracotta","grindstone","hard_glass","hard_glass_pane","hard_stained_glass","hard_stained_glass_pane","hardened_clay","hay_block","heavy_weighted_pressure_plate","hopper","ice","iron_bars","iron_block","iron_door","iron_ore","iron_trapdoor","jigsaw","jukebox","jungle_button","jungle_door","jungle_fence_gate","jungle_pressure_plate","jungle_stairs","jungle_standing_sign","jungle_trapdoor","jungle_wall_sign","kelp","ladder","lantern","lapis_block","lapis_ore","lava","lava_cauldron","leaves","leaves2","lectern","lever","light_block","light_blue_glazed_terracotta","light_weighted_pressure_plate","lime_glazed_terracotta","lit_blast_furnace","lit_furnace","lit_pumpkin","lit_redstone_lamp","lit_redstone_ore","lit_smoker","log","log2","loom","magenta_glazed_terracotta","magma","melon_block","melon_stem","mob_spawner","monster_egg","mossy_cobblestone","mossy_cobblestone_stairs","mossy_stone_brick_stairs","mycelium","nether_brick","nether_brick_fence","nether_brick_stairs","nether_wart","nether_wart_block","netherrack","netherreactor","normal_stone_stairs","noteblock","oak_stairs","observer","obsidian","orange_glazed_terracotta","packed_ice","pink_glazed_terracotta","piston","pistonArmCollision","planks","podzol","polished_andesite_stairs","polished_diorite_stairs","polished_granite_stairs","portal","potatoes","powered_comparator","powered_repeater","prismarine","prismarine_bricks_stairs","prismarine_stairs","pumpkin","pumpkin_stem","purple_glazed_terracotta","purpur_block","purpur_stairs","quartz_block","quartz_ore","quartz_stairs","rail","red_flower","red_glazed_terracotta","red_mushroom","red_mushroom_block","red_nether_brick","red_nether_brick_stairs","red_sandstone","red_sandstone_stairs","redstone_block","redstone_lamp","redstone_ore","redstone_torch","redstone_wire","reeds","sand","sandstone","sandstone_stairs","sapling","scaffolding","seaLantern","sea_pickle","seagrass","shulker_box","silver_glazed_terracotta","skull","slime","smithing_table","smoker","smooth_quartz_stairs","smooth_red_sandstone_stairs","smooth_sandstone_stairs","smooth_stone","snow","soul_sand","sponge","spruce_button","spruce_door","spruce_fence_gate","spruce_pressure_plate","spruce_stairs","spruce_standing_sign","spruce_trapdoor","spruce_wall_sign","stained_glass","stained_glass_pane","stained_hardened_clay","standing_banner","standing_sign","stickyPistonArmCollision","sticky_piston","stone","stone_brick_stairs","stone_button","stone_pressure_plate","stone_slab","stone_slab2","stone_slab3","stone_slab4","stone_stairs","stonebrick","stonecutter","stonecutter_block","stripped_acacia_log","stripped_birch_log","stripped_dark_oak_log","stripped_jungle_log","stripped_oak_log","stripped_spruce_log","structure_block","sweet_berry_bush","tallgrass","tnt","torch","trapdoor","trapped_chest","tripWire","tripwire_hook","turtle_egg","undyed_shulker_box","unlit_redstone_torch","unpowered_comparator","unpowered_repeater","vine","wall_banner","wall_sign","web","wheat","white_glazed_terracotta","wither_rose","wood","wooden_button","wooden_door","wooden_pressure_plate","wooden_slab","wool","yellow_flower","yellow_glazed_terracotta"]},"minecraft:explode":{"causesFire":false,"fuseLength":0,"fuseLit":true,"power":1.5}}},"components":{"minecraft:collision_box":{"height":-0.5,"width":-0.5},"minecraft:health":{"max":50,"min":50,"value":50},"minecraft:knockback_resistance":{"value":0.68},"minecraft:projectile":{"anchor":1,"catch_fire":false,"gravity":0,"inertia":1,"multiple_targets":true,"offset":[-0.15,-0.1,-0.15],"on_hit":{"definition_event":{"affect_projectile":true,"event_trigger":{"event":"minecraft:explode","target":"self"}},"impact_damage":{"damage":50,"destroy_on_hit":true,"knockback":false},"stick_in_ground":{"shake_time":0.35}},"power":3,"shoot_sound":"purr","should_bounce":true,"uncertainty_base":1,"uncertainty_multiplier":1},"minecraft:scale":{"value":1},"minecraft:type_family":{"family":["inanimate"]}},"description":{"identifier":"end:ender_ball","is_experimental":false,"is_spawnable":false,"is_summonable":true,"runtime_identifier":"minecraft:snowball"},"events":{"minecraft:explode":{"add":{"component_groups":["minecraft:exploding"]}}}}}