{"format_version":"1.10.0","minecraft:entity":{"component_groups":{"exploding":{"minecraft:explode":{"causesFire":false,"fuseLength":2,"fuseLit":true,"power":0}}},"components":{"minecraft:collision_box":{"height":0.25,"width":0.25},"minecraft:explode":{"causesFire":false,"fuseLength":2.1,"fuseLit":true,"power":5},"minecraft:physics":{},"minecraft:projectile":{"angleoffset":0,"gravity":0.03,"onHit":{"arrow_effect":{},"impact_damage":{"damage":0,"destroy_on_hit":false,"knockback":false,"semi_random_diff_damage":false},"stick_in_ground":{"shake_time":0.35}},"power":1.5}},"description":{"identifier":"weapon:grenade","is_experimental":false,"is_spawnable":false,"is_summonable":true,"runtime_identifier":"minecraft:snowball"},"events":{"on:hit":{"run_command":{"command":[]}}}}}