{"format_version":"1.8.0","minecraft:entity":{"components":{"minecraft:attack":{"damage":13},"minecraft:behavior.hurt_by_target":{"priority":1},"minecraft:behavior.melee_attack":{"priority":3,"reach_multiplier":18,"speed_multiplier":1},"minecraft:behavior.move_towards_restriction":{"priority":5,"speed_multiplier":2},"minecraft:behavior.nearest_attackable_target":{"entity_types":[{"filters":{"subject":"other","test":"is_family","value":"player"},"max_dist":300},{"filters":{"all_of":[{"operator":"!=","subject":"other","test":"is_family","value":"enderman"},{"operator":"!=","subject":"other","test":"is_family","value":"monster"},{"operator":"!=","subject":"other","test":"is_family","value":"inanimate"}]},"max_dist":300}],"must_see":true,"must_see_forget_duration":200,"priority":1,"reselect_targets":true},"minecraft:can_climb":{},"minecraft:collision_box":{"height":1.3,"width":0.6},"minecraft:damage_sensor":{"triggers":[{"deals_damage":false}]},"minecraft:fire_immune":true,"minecraft:follow_range":{"max":300,"value":300},"minecraft:health":{"max":1,"min":1,"value":1},"minecraft:jump.static":{},"minecraft:knockback_resistance":{"value":666},"minecraft:movement":{"value":0.01},"minecraft:movement.basic":{},"minecraft:nameable":{},"minecraft:navigation.walk":{"can_break_doors":true,"can_pass_doors":true,"can_walk":true,"is_amphibious":true},"minecraft:physics":{},"minecraft:pushable":{"is_pushable":false,"is_pushable_by_piston":true},"minecraft:type_family":{"family":["end_hand","enderman"]}},"description":{"identifier":"enders:end_hand","is_experimental":false,"is_spawnable":false,"is_summonable":true}}}