{"format_version":"1.8.0","minecraft:entity":{"component_groups":{"hand":{"minecraft:addrider":{"entity_type":"enders:end_hand"},"minecraft:behavior.nearest_attackable_target":{"entity_types":[{"filters":{"any_of":[{"subject":"other","test":"is_family","value":"player"},{"subject":"other","test":"has_tag","value":"metarget"},{"subject":"other","test":"is_family","value":"snowgolem"},{"subject":"other","test":"is_family","value":"irongolem"}]},"max_dist":35},{"filters":{"any_of":[{"subject":"other","test":"is_family","value":"endermite"}]},"max_dist":35,"must_see":false}],"must_see":true,"must_see_forget_duration":17,"priority":2,"reselect_targets":true,"within_radius":25},"minecraft:timer":{"looping":false,"time":[1,1],"time_down_event":{"event":"hand_bru"}}},"melee":{"minecraft:attack":{"damage":65,"effect_duration":3,"effect_name":"blindness"},"minecraft:behavior.delayed_attack":{"attack_duration":0.1,"hit_delay_pct":0.25,"priority":1,"reach_multiplier":2.8,"sound_event":"attack.strong","track_target":true},"minecraft:behavior.melee_attack":{"priority":2,"speed_multiplier":1,"track_target":false},"minecraft:behavior.nearest_attackable_target":{"entity_types":[{"filters":{"any_of":[{"subject":"other","test":"is_family","value":"player"},{"subject":"other","test":"has_tag","value":"metarget"},{"subject":"other","test":"is_family","value":"snowgolem"},{"subject":"other","test":"is_family","value":"irongolem"}]},"max_dist":35},{"filters":{"any_of":[{"subject":"other","test":"is_family","value":"endermite"}]},"max_dist":35,"must_see":false}],"must_see":true,"must_see_forget_duration":17,"priority":2,"reselect_targets":true,"within_radius":25},"minecraft:mark_variant":{"value":1},"minecraft:movement":{"value":0.28}},"minecraft:enderman_angry":{"minecraft:angry":{"broadcast_anger":true,"broadcast_range":60,"calm_event":{"event":"minecraft:on_calm","target":"self"},"duration":85},"minecraft:behavior.nearest_attackable_target":{"entity_types":[{"filters":{"any_of":[{"subject":"other","test":"is_family","value":"player"},{"subject":"other","test":"has_tag","value":"metarget"},{"subject":"other","test":"is_family","value":"snowgolem"},{"subject":"other","test":"is_family","value":"irongolem"}]},"max_dist":35},{"filters":{"any_of":[{"subject":"other","test":"is_family","value":"endermite"}]},"max_dist":35,"must_see":false}],"must_see":true,"must_see_forget_duration":17,"priority":2,"reselect_targets":true,"within_radius":25},"minecraft:mark_variant":{"value":1}},"minecraft:enderman_calm":{"minecraft:lookat":{"filters":{"all_of":[{"subject":"other","test":"is_family","value":"player"}]},"look_cooldown":1,"search_radius":64,"set_target":true},"minecraft:mark_variant":{"value":0},"minecraft:movement":{"value":0.35},"minecraft:on_target_acquired":{"event":"minecraft:become_angry","target":"self"}},"ranged":{"minecraft:behavior.nearest_attackable_target":{"entity_types":[{"filters":{"any_of":[{"subject":"other","test":"is_family","value":"player"},{"subject":"other","test":"has_tag","value":"metarget"},{"subject":"other","test":"is_family","value":"snowgolem"},{"subject":"other","test":"is_family","value":"irongolem"}]},"max_dist":35},{"filters":{"any_of":[{"subject":"other","test":"is_family","value":"endermite"}]},"max_dist":35,"must_see":false}],"must_see":true,"must_see_forget_duration":17,"priority":2,"reselect_targets":true,"within_radius":25},"minecraft:behavior.ranged_attack":{"attack_interval_max":1.6,"attack_interval_min":0.6,"attack_radius":15,"burst_interval":0.1,"burst_shots":10},"minecraft:is_charged":{},"minecraft:is_sheared":{},"minecraft:mark_variant":{"value":0},"minecraft:shooter":{"def":"btg15:block"}},"ranged2":{"minecraft:behavior.nearest_attackable_target":{"entity_types":[{"filters":{"any_of":[{"subject":"other","test":"is_family","value":"player"},{"subject":"other","test":"has_tag","value":"metarget"},{"subject":"other","test":"is_family","value":"snowgolem"},{"subject":"other","test":"is_family","value":"irongolem"}]},"max_dist":35},{"filters":{"any_of":[{"subject":"other","test":"is_family","value":"endermite"}]},"max_dist":35,"must_see":false}],"must_see":true,"must_see_forget_duration":17,"priority":2,"reselect_targets":true,"within_radius":25},"minecraft:behavior.ranged_attack":{"attack_interval_max":1.6,"attack_interval_min":0.6,"attack_radius":15,"burst_interval":0.1,"burst_shots":30},"minecraft:is_charged":{},"minecraft:is_illager_captain":{},"minecraft:mark_variant":{"value":0},"minecraft:shooter":{"def":"btg15:block"}},"ranged3":{"minecraft:behavior.nearest_attackable_target":{"entity_types":[{"filters":{"any_of":[{"subject":"other","test":"is_family","value":"player"},{"subject":"other","test":"has_tag","value":"metarget"},{"subject":"other","test":"is_family","value":"snowgolem"},{"subject":"other","test":"is_family","value":"irongolem"}]},"max_dist":35},{"filters":{"any_of":[{"subject":"other","test":"is_family","value":"endermite"}]},"max_dist":35,"must_see":false}],"must_see":true,"must_see_forget_duration":17,"priority":2,"reselect_targets":true,"within_radius":25},"minecraft:behavior.ranged_attack":{"attack_interval_max":1.6,"attack_interval_min":0.6,"attack_radius":15,"burst_interval":0.1,"burst_shots":150},"minecraft:is_charged":{},"minecraft:is_illager_captain":{},"minecraft:mark_variant":{"value":0},"minecraft:shooter":{"def":"end:ender_ball"}},"tp":{"minecraft:behavior.nearest_attackable_target":{"entity_types":[{"filters":{"any_of":[{"subject":"other","test":"is_family","value":"player"},{"subject":"other","test":"has_tag","value":"metarget"},{"subject":"other","test":"is_family","value":"snowgolem"},{"subject":"other","test":"is_family","value":"irongolem"}]},"max_dist":35},{"filters":{"any_of":[{"subject":"other","test":"is_family","value":"endermite"}]},"max_dist":35,"must_see":false}],"must_see":true,"must_see_forget_duration":17,"priority":2,"reselect_targets":true,"within_radius":25},"minecraft:is_on_rider":{"family_types":["enderman","despawn_"],"max_seat":1,"ride_coodown":"null"},"minecraft:jump_behind":{"yard":0.1},"minecraft:teleport":{"light_teleport_chance":0.025,"max_random_teleport_time":2,"random_teleport_cube":[8,8,8],"random_teleports":true,"target_distance":20,"target_teleport_chance":0}}},"components":{"minecraft:behavior.enderman_leave_block":{"priority":10},"minecraft:behavior.enderman_take_block":{"priority":11},"minecraft:behavior.float":{"priority":0},"minecraft:behavior.hurt_by_target":{"entity_types":{"filters":{"operator":"!=","subject":"other","test":"is_family","value":"rhexenderman"}},"priority":1},"minecraft:behavior.look_at_player":{"look_distance":8,"priority":8,"probability":8},"minecraft:behavior.nearest_attackable_target":{"entity_types":[{"filters":{"any_of":[{"subject":"other","test":"is_family","value":"player"},{"subject":"other","test":"has_tag","value":"metarget"},{"subject":"other","test":"is_family","value":"snowgolem"},{"subject":"other","test":"is_family","value":"irongolem"}]},"max_dist":35},{"filters":{"any_of":[{"subject":"other","test":"is_family","value":"endermite"}]},"max_dist":35,"must_see":false}],"must_see":true,"must_see_forget_duration":17,"priority":2,"reselect_targets":true,"within_radius":25},"minecraft:behavior.random_look_around":{"priority":8},"minecraft:behavior.random_stroll":{"priority":7,"speed_multiplier":1},"minecraft:behavior.summon_entity":{"priority":1,"summon_choices":[{"cast_duration":0,"cooldown_time":1,"sequence":[{"base_delay":0,"entity_type":"clone:clone2","num_entities_spawned":10,"size":1,"target":"target"}],"weight":100},{"cast_duration":0,"cooldown_time":1,"sequence":[{"base_delay":0,"entity_type":"end:rock","num_entities_spawned":1,"size":1,"target":"target"}],"weight":100}]},"minecraft:break_blocks":{"breakable_blocks":["bamboo_sapling","beetroot","brown_mushroom","carrots","carved_pumpkin","chorus_flower","chorus_plant","lit_pumpkin","melon_stem","potatoes","pumpkin","pumpkin_stem","red_flower","red_mushroom","reeds","sapling","sweet_berry_bush","vine","waterlily","yellow_flower","bamboo","wheat","oak_stairs","spruce_stairs","dark_oak_stairs","birch_stairs","acacia_stairs","carved_pumpkin","leaves","leaves2","lit_pumpkin","melon_block","spruce_door","oak_door","birch_door","acacia_door","ice","dark_oak_door","turtle_egg","wood_planks","fence","redstone_wire","glass","glass_pane","slab","wool","bed","planks","ladder","scaffolding","trapdoor","acacia_trapdoor","planks_jungle","cactus"]},"minecraft:breathable":{"suffocate_time":0,"total_supply":15},"minecraft:can_climb":{},"minecraft:collision_box":{"height":4.5,"width":0.86},"minecraft:experience_reward":{"on_death":"query.last_hit_by_player ? 99 : 0"},"minecraft:follow_range":{"max":45,"value":45},"minecraft:health":{"max":1000,"value":1000},"minecraft:hurt_on_condition":{"damage_conditions":[{"cause":"lava","damage_per_tick":4,"filters":{"operator":"==","subject":"self","test":"in_lava","value":true}}]},"minecraft:jump.static":{},"minecraft:knockback_resistance":{"value":1},"minecraft:loot":{"table":"loot_tables/entities/mem.json"},"minecraft:movement.basic":{},"minecraft:nameable":{},"minecraft:navigation.walk":{"avoid_water":true,"can_path_over_water":false},"minecraft:physics":{},"minecraft:pushable":{"is_pushable":false,"is_pushable_by_piston":true},"minecraft:rideable":{"family_types":["end_hand"],"seat_count":5,"seats":{"position":[-1,1.9,-1.3]}},"minecraft:scale":{"value":1.25},"minecraft:spell_effects":{"add_effects":[{"ambient":false,"amplifier":1,"duration":999999,"effect":"resistance","visible":false},{"ambient":false,"amplifier":2,"duration":999999,"effect":"regeneration","visible":false}]},"minecraft:target_nearby_sensor":{"inside_range":5,"on_inside_range":{"event":"melee","target":"self"},"on_outside_range":{"event":"ranged","target":"self"},"outside_range":8},"minecraft:timer":{"looping":false,"time":[0.01,0.01],"time_down_event":{"event":"hand"}},"minecraft:type_family":{"family":["enderman","monster","mob"]}},"description":{"animations":{"dead":"controller.animation.menderman.death"},"identifier":"end:mutant_enderman2","is_experimental":false,"is_spawnable":true,"is_summonable":true,"runtime_identifier":"minecraft:enderman","scripts":{"animate":["dead"]}},"events":{"hand":{"add":{"component_groups":["hand"]}},"hand_bru":{"remove":{"component_groups":["hand"]}},"melee":{"add":{"component_groups":["spell","melee","tp"]},"remove":{"component_groups":["ranged","roar","clone","ranged2","ranged3"]}},"minecraft:become_angry":{"add":{"component_groups":["spell","minecraft:enderman_angry","tp","attack_now"]},"remove":{"component_groups":["minecraft:enderman_calm","roar","clone"]}},"minecraft:entity_spawned":{"add":{"component_groups":["spell","minecraft:enderman_calm","blah_blah_blah"]},"remove":{}},"minecraft:on_calm":{"add":{"component_groups":["minecraft:enderman_calm"]},"remove":{"component_groups":["minecraft:enderman_angry","roar","ranged","ranged2","ranged3","melee","clone","tp","hand"]}},"mutant":{"add":{"component_groups":["minecraft:enderman_calm"]},"remove":{}},"ranged":{"randomize":[{"add":{"component_groups":["spell","ranged","tp"]},"remove":{"component_groups":["clone","melee","roar","ranged2"]},"weight":20},{"add":{"component_groups":["spell","ranged3","tp"]},"remove":{"component_groups":["clone","melee","roar","ranged2","ranged"]},"weight":20},{"add":{"component_groups":["spell","ranged2","tp"]},"remove":{"component_groups":["clone","melee","roar","ranged","ranged3"]},"weight":20}]}}}}