{"animation_controllers":{"controller.animation.bendy.root":{"initial_state":"default","states":{"default":{"animations":[{"move":"variable.move_speed"},{"general":"variable.is_idling"}],"blend_transition":0.1,"transitions":[{"delay":"variable.attack_time > 0 && variable.random == 0"},{"delay2":"variable.attack_time > 0 && variable.random == 1"},{"run":"query.ground_speed >= 2 && query.has_target"}],"variables":{"is_idling":{"input":"query.modified_move_speed","remap_curve":{"0.0":1,"0.1":0}},"move_speed":{"input":"query.modified_move_speed","remap_curve":{"0.0":0,"0.25":1}}}},"delay":{"animations":["attack"],"blend_transition":0.4,"transitions":[{"default":"query.all_animations_finished"}]},"delay2":{"animations":["attack2"],"blend_transition":0.4,"transitions":[{"default":"query.all_animations_finished"}]},"run":{"animations":["run"],"blend_transition":0.1,"transitions":[{"default":"query.ground_speed <= 2"}]}}},"controller.animation.clone.general":{"initial_state":"default","states":{"attack1":{"animations":["attack"],"blend_transition":0.2,"transitions":[{"default":"query.all_animations_finished"}]},"default":{"animations":[{"move":"variable.move_speed"},{"general":"variable.is_idling"}],"blend_transition":0.5,"transitions":[{"attack1":"variable.attack_time > 0 && variable.random == 0"}],"variables":{"is_idling":{"input":"query.modified_move_speed","remap_curve":{"0.0":1,"0.1":0}},"move_speed":{"input":"query.modified_move_speed","remap_curve":{"0.0":0,"0.25":1}}}}}},"controller.animation.egolem.general":{"initial_state":"default","states":{"attack1":{"animations":["attack"],"blend_transition":0.2,"transitions":[{"default":"query.all_animations_finished"}]},"attack2":{"animations":["attack2"],"blend_transition":0.2,"transitions":[{"default":"query.all_animations_finished"}]},"default":{"animations":[{"move":"variable.move_speed"},{"general":"variable.is_idling"}],"blend_transition":0.5,"transitions":[{"attack1":"variable.attack_time > 0 && variable.random == 0"},{"attack2":"variable.attack_time > 0 && variable.random == 1"},{"one":"query.is_casting"}],"variables":{"is_idling":{"input":"query.modified_move_speed","remap_curve":{"0.0":1,"0.1":0}},"move_speed":{"input":"query.modified_move_speed","remap_curve":{"0.0":0,"0.25":1}}}},"one":{"animations":["one"],"blend_transition":0.2,"transitions":[{"default":"!query.is_casting"}]}}},"controller.animation.ender_fighter.root":{"initial_state":"default","states":{"default":{"animations":[{"move":"variable.move_speed"},{"general":"variable.is_idling"}],"blend_transition":0.1,"transitions":[{"delay":"variable.attack_time > 0 && variable.random == 0"},{"delay2":"variable.attack_time > 0 && variable.random == 1"},{"delay3":"variable.attack_time > 0 && variable.random == 2"},{"run":"query.ground_speed >= 2 && query.has_target"}],"variables":{"is_idling":{"input":"query.modified_move_speed","remap_curve":{"0.0":1,"0.1":0}},"move_speed":{"input":"query.modified_move_speed","remap_curve":{"0.0":0,"0.25":1}}}},"delay":{"animations":["attack"],"blend_transition":0.4,"transitions":[{"default":"query.all_animations_finished"}]},"delay2":{"animations":["attack2"],"blend_transition":0.4,"transitions":[{"default":"query.all_animations_finished"}]},"delay3":{"animations":["attack3"],"blend_transition":0.4,"transitions":[{"default":"query.all_animations_finished"}]},"run":{"animations":["run"],"blend_transition":0.1,"transitions":[{"default":"query.ground_speed <= 2"}]}}},"controller.animation.ender_fighter.root2":{"initial_state":"default","states":{"default":{"animations":["default"],"blend_transition":0.2,"transitions":[{"ranged_hold":"query.is_sheared"}]},"ranged_hold":{"animations":["shield"],"blend_transition":0.3,"transitions":[{"default":"!query.is_sheared"}]}}},"controller.animation.gun_man.general":{"initial_state":"default","states":{"attack1":{"animations":["attack"],"blend_transition":0.2,"transitions":[{"default":"query.all_animations_finished"}]},"default":{"animations":[{"move":"variable.move_speed"},{"general":"variable.is_idling"}],"blend_transition":0.5,"transitions":[{"attack1":"variable.attack_time > 0 && variable.random == 0"}],"variables":{"is_idling":{"input":"query.modified_move_speed","remap_curve":{"0.0":1,"0.1":0}},"move_speed":{"input":"query.modified_move_speed","remap_curve":{"0.0":0,"0.25":1}}}}}},"controller.animation.menderman.root":{"initial_state":"default","states":{"default":{"animations":["default"],"blend_transition":0.2,"transitions":[{"ranged_hold":"query.is_sheared"},{"ranged_hold2":"query.is_illager_captain"}]},"ranged_hold":{"animations":["blocks"],"blend_transition":0.3,"transitions":[{"default":"!query.is_sheared"}]},"ranged_hold2":{"animations":["blocks2"],"blend_transition":0.3,"transitions":[{"default":"!query.is_illager_captain"}]}}},"controller.animation.menderman.root2":{"initial_state":"default","states":{"2_hands":{"animations":["4_arm"],"blend_transition":0.3,"transitions":[{"default":"query.mark_variant == 0"}]},"default":{"blend_transition":0.3,"transitions":[{"2_hands":"query.mark_variant == 1"}]}}},"controller.animation.menderman.root3":{"initial_state":"default","states":{"crouch":{"animations":["roar"],"blend_transition":0.4,"transitions":[{"default":"query.is_roaring == 0"}]},"default":{"animations":[{"move":"variable.move_speed"},{"general":"variable.is_idling"}],"blend_transition":0.1,"transitions":[{"crouch":"query.is_roaring == 1"},{"delay":"variable.attack_time > 0 && variable.random == 0"},{"delay2":"variable.attack_time > 0 && variable.random == 1"},{"run":"query.ground_speed >= 2 && query.has_target"}],"variables":{"is_idling":{"input":"query.modified_move_speed","remap_curve":{"0.0":1,"0.1":0}},"move_speed":{"input":"query.modified_move_speed","remap_curve":{"0.0":0,"0.25":1}}}},"delay":{"animations":["attack"],"blend_transition":0.4,"transitions":[{"default":"query.all_animations_finished"}]},"delay2":{"animations":["attack2"],"blend_transition":0.4,"transitions":[{"default":"query.all_animations_finished"}]},"run":{"animations":["run"],"blend_transition":0.1,"transitions":[{"default":"query.ground_speed <= 2"}]}}},"controller.animation.menderman2.root":{"initial_state":"default","states":{"default":{"animations":[{"move":"variable.move_speed"},{"general":"variable.is_idling"}],"blend_transition":0.1,"transitions":[{"delay":"variable.attack_time > 0 && variable.random == 0"},{"delay2":"variable.attack_time > 0 && variable.random == 1"},{"run":"query.ground_speed >= 2 && query.has_target"}],"variables":{"is_idling":{"input":"query.modified_move_speed","remap_curve":{"0.0":1,"0.1":0}},"move_speed":{"input":"query.modified_move_speed","remap_curve":{"0.0":0,"0.25":1}}}},"delay":{"animations":["attack"],"blend_transition":0.4,"transitions":[{"default":"query.all_animations_finished"}]},"delay2":{"animations":["attack2"],"blend_transition":0.4,"transitions":[{"default":"query.all_animations_finished"}]},"run":{"animations":["run"],"blend_transition":0.1,"transitions":[{"default":"query.ground_speed <= 2"}]}}},"controller.animation.menderman2.root2":{"initial_state":"default","states":{"2_hands":{"animations":["4_arm"],"blend_transition":0.3,"transitions":[{"default":"query.mark_variant == 0"}]},"default":{"blend_transition":0.3,"transitions":[{"2_hands":"query.mark_variant == 1"}]}}},"controller.animation.menderman2.root3":{"initial_state":"default","states":{"default":{"animations":["default"],"blend_transition":0.2,"transitions":[{"ranged_hold":"query.is_sheared"},{"ranged_hold2":"query.is_illager_captain"}]},"ranged_hold":{"animations":["blocks"],"blend_transition":0.3,"transitions":[{"default":"!query.is_sheared"}]},"ranged_hold2":{"animations":["blocks2"],"blend_transition":0.3,"transitions":[{"default":"!query.is_illager_captain"}]}}},"controller.animation.opheebop.root":{"initial_state":"default","states":{"default":{"animations":[{"move":"variable.move_speed"},{"general":"variable.is_idling"}],"blend_transition":0.5,"transitions":[{"one":"query.is_casting"}],"variables":{"is_idling":{"input":"query.modified_move_speed","remap_curve":{"0.0":1,"0.1":0}},"move_speed":{"input":"query.modified_move_speed","remap_curve":{"0.0":0,"0.25":1}}}},"one":{"animations":["cast"],"blend_transition":0.2,"transitions":[{"default":"!query.is_casting"}]}}},"controller.animation.titan.general":{"initial_state":"default","states":{"attack1":{"animations":["attack"],"blend_transition":0.2,"transitions":[{"default":"query.all_animations_finished"}]},"default":{"animations":[{"move":"variable.move_speed"},{"general":"variable.is_idling"}],"blend_transition":0.5,"transitions":[{"attack1":"variable.attack_time > 0 && variable.random == 0"},{"grab":"query.is_casting"}],"variables":{"is_idling":{"input":"query.modified_move_speed","remap_curve":{"0.0":1,"0.1":0}},"move_speed":{"input":"query.modified_move_speed","remap_curve":{"0.0":0,"0.25":1}}}},"grab":{"animations":["grab"],"blend_transition":0.2,"transitions":[{"default":"!query.is_casting"}]}}}},"format_version":"1.10.0"}