{"format_version":"1.10.0","minecraft:client_entity":{"description":{"animations":{"attack":"animation.bendy.attack","attack2":"animation.bendy.attack2","general":"animation.bendy.general","move":"animation.bendy.move","root":"controller.animation.bendy.root","run":"animation.bendy.run"},"geometry":{"default":"geometry.bendy"},"identifier":"entity:bendy","materials":{"default":"spider"},"min_engine_version":"1.8.0","render_controllers":["controller.render.skeleton"],"scripts":{"animate":["root"],"pre_animation":["variable.random = math.round(math.random(0,3));","variable.attack = Math.sin(variable.attack_time * 30.0);","variable.attack_var = variable.attack_var;"],"scale":"1.1"},"spawn_egg":{"base_color":"#000111","overlay_color":"#000666"},"textures":{"default":"textures/entity/bendy"}}}}