{"mob.menderman.death":{"category":"hostile","sounds":["sounds/mob/menderman/death"]},"mob.menderman.hurt":{"category":"hostile","sounds":["sounds/mob/menderman/hit1","sounds/mob/menderman/hit2","sounds/mob/menderman/hit3"]},"mob.menderman.idle":{"category":"hostile","sounds":["sounds/mob/menderman/living1","sounds/mob/menderman/living2"]},"mob.menderman.roar":{"category":"hostile","sounds":["sounds/mob/menderman/scream"]},"mob.menderman.stare":{"category":"hostile","sounds":["sounds/mob/menderman/stare"]},"mob.pistol.shoot":{"category":"music","max_distance":888,"sounds":["sounds/pistol"],"stream":true},"mob.shotgun.shoot":{"category":"music","max_distance":999,"sounds":["sounds/shotgun"],"stream":true}}