{"animations":{"animation.bendy.attack":{"animation_length":0.33333,"bones":{"head":{"rotation":{"0.0":[0,40,0],"0.1667":[0,-42.5,0]}},"left_arm":{"rotation":{"0.0":[0,0,17.5],"0.1667":[-10,0,17.5]}},"left_hand":{"rotation":[-30,0,-30]},"right_arm":{"rotation":{"0.0":[-17.5,0,-12.5],"0.1667":[-40,0,-12.5]}},"right_hand":{"rotation":[-30,0,30]},"tail":{"rotation":{"0.0":[30,0,0],"0.1667":[30,82.5,0]},"scale":[1,1,1.1]},"tail2":{"rotation":{"0.0":[-27.5,0,0],"0.1667":[-27.5,22.5,0]}},"tail3":{"rotation":{"0.0":[32.5,0,0],"0.1667":[32.5,27.5,0],"0.3333":[32.5,85,0]},"scale":{"0.0":[1.5,0.9,0.9],"0.1667":[5.5,6.4,6.7]}},"tail4":{"rotation":{"0.0":[22.5,0,0],"0.1667":[22.5,25,0],"0.3333":[22.5,25,77.5]}},"tail5":{"rotation":{"0.0":[-25,0,0],"0.1667":[-25,22.5,0]}},"tail6":{"rotation":{"0.0":[22.5,0,0],"0.1667":[22.5,55,0]}},"torso":{"rotation":{"0.0":[0,-42.5,0],"0.1667":[0,40,0]}}},"loop":true},"animation.bendy.attack2":{"animation_length":0.41667,"bones":{"left_arm":{"rotation":[0,0,42.5]},"right_arm":{"rotation":[0,0,-50]},"tail":{"rotation":{"0.0":[165,0,0],"0.2083":[165,-97.5,0],"0.4167":[165,62.5,0]},"scale":{"0.0":[1,1,2.8],"0.4167":[1,1,5.5]}},"tail2":{"position":[11,0,1],"rotation":{"0.0":[0,5,0],"0.4167":[0,55,0]}},"tail3":{"position":[-18,0,0],"rotation":{"0.0":[0,12.5,0],"0.4167":[0,50,0]}},"tail4":{"position":[8,0,0],"rotation":{"0.0":[0,-15,0],"0.4167":[0,-40,0]}},"tail5":{"position":[11,0,5]},"tail6":{"position":[-9,0,4],"rotation":{"0.0":[0,7.5,0],"0.4167":[0,50,0]}}},"loop":true},"animation.bendy.general":{"animation_length":1.08333,"bones":{"head":{"rotation":["query.target_x_rotation - this","query.target_y_rotation - this",0]},"tail":{"rotation":{"0.0":[17.5,0,-52.5],"0.5":[17.5,0,30],"0.5833":[17.5,0,40],"1.0833":[17.5,0,-52.5]}},"tail2":{"rotation":{"0.0":[15,0,0],"0.5833":[15,0,17.5],"1.0833":[15,0,0]}},"tail3":{"rotation":{"0.0":[20,0,-32.5],"0.5":[20,0,25],"0.5833":[20,0,12.5],"1.0833":[20,0,-32.5]}},"tail4":{"rotation":{"0.0":[40,0,-27.5],"0.5":[40,-10,25],"0.5833":[40,-10,37.5],"1.0833":[40,0,-27.5]}},"tail5":{"rotation":{"0.0":[30,-25,0],"0.5":[30,0,20],"0.5833":[30,0,-17.5],"1.0833":[30,-25,0]}},"tail6":{"rotation":{"0.0":[10,-25,0],"0.5":[10,5,0],"0.5833":[0,30,0],"1.0833":[10,-25,0]}}},"loop":true},"animation.bendy.move":{"animation_length":0.75,"bones":{"left_arm":{"rotation":{"0.0":[-40,0,0],"0.375":[45,0,0],"0.75":[-40,0,0]}},"left_leg":{"rotation":{"0.0":[-32.5,0,0],"0.375":[37.5,0,0],"0.75":[-32.5,0,0]}},"right_arm":{"rotation":{"0.0":[45,0,0],"0.375":[-40,0,0],"0.75":[45,0,0]}},"right_leg":{"rotation":{"0.0":[37.5,0,0],"0.375":[-37.5,0,0],"0.75":[37.5,0,0]}},"tail":{"rotation":[37.5,0,0]},"tail2":{"rotation":[30,0,0]},"tail3":{"rotation":[10,0,0]},"tail4":{"rotation":[25,0,0]},"tail5":{"rotation":[12.5,0,0]},"tail6":{"rotation":[15,0,0]}},"loop":true},"animation.bendy.run":{"bones":{"left_arm":{"rotation":[0,0,15]},"left_hand":{"rotation":[-17.5,0,0]},"left_leg":{"rotation":[2.5,0,7.5]},"right_arm":{"rotation":[0,0,-15]},"right_hand":{"rotation":[-20,0,0]},"right_leg":{"rotation":[0,0,-10]},"root":{"position":[0,11,0]},"tail":{"rotation":[-55,0,0]},"tail2":{"rotation":[-27.5,0,0]},"tail3":{"rotation":[-15,0,0]},"tail4":{"rotation":[-12.5,0,0]},"tail5":{"rotation":[-12.5,0,0]},"tail6":{"rotation":[-47.5,0,0]}},"loop":true}},"format_version":"1.8.0"}