{
	"format_version": "1.8.0",
	"animations": {
		"animation.bob.general": {
			"loop": true,
			"bones": {
				"head": {
					"rotation": ["query.target_x_rotation - this ", "query.target_y_rotation - this ", 0],
					"position": [0, 0, 0]
				},
				"arm": {
					"rotation": ["Math.sin(query.life_time * 90.0)", 0, 0]
				},
				"head2": {
					"rotation": ["query.target_x_rotation - this ", "query.target_y_rotation - this ", 0]
				}
			}
		},
		"animation.bob.move": {
			"loop": true,
			"bones": {
				"head": {
					"position": [0, 0, -1]
				},
				"arm": {
					"rotation": [37.5, 0, 0]
				},
				"hand": {
					"rotation": [-15, 0, 0]
				},
				"head2": {
					"position": [0, 0, -1]
				}
			}
		},
		"animation.bob.cast": {
			"loop": true,
			"animation_length": 0.33333,
			"bones": {
				"head": {
					"position": [0, -130, 0],
					"scale": [-0.1, 0.1, 0]
				},
				"arm": {
					"rotation": [-60, 30, -5]
				},
				"hand": {
					"rotation": [-15, 0, -35]
				},
				"head2": {
					"rotation": {
						"0.0": [20, 0, 0],
						"0.0833": [2.5, 0, 0],
						"0.1667": [15, 0, 0],
						"0.25": [0, 0, 0],
						"0.3333": [15, 0, 0]
					}
				}
			}
		}
	}
}