{
	"format_version": "1.8.0",
	"animations": {
		"animation.ender_rock.def": {
			"loop": true,
			"animation_length": 1.875,
			"bones": {
				"bone": {
					"rotation": {
						"0.0": [0, -5, 0],
						"0.0417": [0, 5, 0],
						"0.0833": [0, -2.5, 0],
						"0.125": [0, 7.5, 0],
						"0.1667": [0, -7.5, 0],
						"0.2083": [0, 5, 0],
						"0.25": [0, -12.5, 0],
						"0.2917": [0, -2.5, 0],
						"0.3333": [0, 2.5, 0],
						"0.375": [0, -7.5, 0],
						"0.4167": [0, 0, 0],
						"0.4583": [0, -10, 0],
						"0.5": [0, 5, 0],
						"0.5417": [0, -5, 0],
						"0.5833": [0, 5, 0],
						"0.625": [0, -2.5, 0],
						"0.6667": [0, 10, 0]
					},
					"position": {
						"0.0": [0, -47, 0],
						"1.0833": [0, 0, 0]
					}
				}
			}
		}
	}
}