{"animations":{"animation.ender_golem.attack":{"animation_length":0.5,"bones":{"arm":{"rotation":{"0.0":[12.5,0,0],"0.0833":[-57.5,0,0],"0.1667":[-57.5,55,0],"0.25":[-37.5,52.5,0],"0.2917":[-37.5,22.5,0],"0.3333":[-37.5,37.5,0],"0.4167":[-37.5,27.5,0]},"scale":{"0.0":[1,1.1,1],"0.2917":[1.57,1.1,1],"0.4167":[3.1,1.1,1]}},"arm2":{"rotation":{"0.0":[10,0,0],"0.0833":[10,0,15],"0.1667":[10,0,0],"0.25":[10,0,-95],"0.2917":[7.5,0,-80],"0.3333":[20,0,-80]}},"arm3":{"rotation":{"0.0":[10,0,0],"0.0833":[-75,0,0],"0.1667":[-75,-50,0],"0.25":[-60,-47.5,0],"0.2917":[-60,-35,0],"0.3333":[-60,-42.5,0],"0.4167":[-60,-32.5,0]},"scale":{"0.0":[1,1.2,1],"0.2917":[1.09,1.2,1],"0.4167":[2.7,1.2,1]}},"arm4":{"rotation":{"0.0":[12.5,0,0],"0.0833":[12.5,0,-15],"0.1667":[12.5,0,2.5],"0.25":[12.5,0,85],"0.2917":[12.5,0,77.5],"0.3333":[25,0,77.5]}},"head":{"rotation":{"0.0":[-2.5,0,0],"0.0833":[-2.5,0,0],"0.1667":[-22.5,0,0],"0.25":[22.5,0,0]}}},"loop":true},"animation.ender_golem.attack2":{"animation_length":0.54167,"bones":{"arm":{"rotation":{"0.0":[7.5,0,0],"0.125":[82.5,2.5,75],"0.3333":[59.58,6.67,75],"0.375":[-65,7.5,75],"0.4167":[-60,7.5,75],"0.4583":[-57.5,7.5,75]}},"arm2":{"rotation":{"0.0":[-10,0,0],"0.125":[-75,0,0],"0.375":[-2.5,0,0],"0.4167":[-17.5,0,0],"0.4583":[2.5,0,0]}},"arm3":{"rotation":{"0.0":[10,0,5],"0.125":[45,0,-67.5],"0.3333":[60.83,0,-67.5],"0.375":[-50,0,-67.5],"0.4167":[-40,0,-67.5],"0.4583":[-50,0,-67.5]}},"arm4":{"rotation":{"0.0":[-5,0,0],"0.125":[-80,0,0],"0.375":[-15,0,0],"0.4167":[-25,0,0],"0.4583":[-10,0,0]}},"head":{"rotation":{"0.0":[5,0,0],"0.125":[-25,0,0],"0.375":[25,0,0]}},"root":{"position":{"0.0":[0,1,0],"0.125":[0,16,0],"0.1667":[0,19,0],"0.2083":[0,26,0],"0.25":[0,47,0],"0.375":[0,-6,-5]},"rotation":{"0.0":[7.5,0,0],"0.125":[-32.5,0,0],"0.375":[80,0,0]}},"root2":{"rotation":{"0.0":[-12.5,0,0],"0.125":[27.5,0,0],"0.375":[-45,0,0]}}},"loop":true},"animation.ender_golem.general":{"bones":{"arm2":{"rotation":[20,0,0]},"arm4":{"rotation":[15,0,0]},"head":{"rotation":[30,0,0]},"root":{"rotation":[7.5,0,0]}},"loop":true},"animation.ender_golem.going_crazy":{"animation_length":1.33333,"bones":{"arm":{"rotation":[10,0,0]},"arm3":{"rotation":{"0.0":[12.5,0,0],"0.125":[-35,0,-37.5],"0.5417":[-37.05,0,-8.86],"0.5833":[15,0,5],"1.0417":[5,0,5]}},"arm4":{"rotation":{"0.125":[-135,0,-5],"0.5417":[-87.73,0,-5],"0.5833":[5,0,-5],"1.0417":[20,0,-5]}},"head":{"rotation":{"0.0":[0,0,0],"0.5":[-57.5,-2750,2.5],"1.0417":[25,-2877.5,2.5]}},"heart":{"position":{"0.0":[0,0,-10],"0.3333":[0,0,-10.29],"0.5833":[0,0,0]},"scale":{"0.0":[1.3,1.4,1],"0.0833":[0.8,0.9,1],"0.2083":[1.6,1.7,1],"0.375":[1,0.9,1]}}},"loop":true},"animation.ender_golem.move":{"animation_length":1,"bones":{"arm":{"rotation":[35,0,0]},"arm2":{"rotation":[-17.5,0,0]},"arm3":{"rotation":[30,0,0]},"arm4":{"rotation":[-30,0,0]},"root":{"rotation":[12.5,0,0]},"root2":{"rotation":{"0.0":[35,0,0],"0.5":[-10,0,0],"1.0":[32.5,0,0]}}},"loop":true}},"format_version":"1.8.0"}