{
	"format_version": "1.8.0",
	"animations": {
		"animation.mutantenderman2.4_hand": {
			"loop": true,
			"bones": {
				"block": {
					"scale": 0.01
				},
				"block2": {
					"scale": 0.01
				},
				"head": {
					"rotation": ["query.target_x_rotation - this", "query.target_y_rotation - this", 0]
				},
				"left_arm2": {
					"rotation": [-20, 0, 0]
				},
				"left_arm3": {
					"rotation": [0, 0, 25]
				},
				"right_arm": {
					"rotation": [0, 0, -20]
				},
				"right_arm3": {
					"rotation": [-15, 0, 0]
				},
				"right_arm2": {
					"rotation": [10, 0, 0]
				},
				"left_arm4": {
					"rotation": [12.5, 0, 0]
				},
				"teeth": {
					"rotation": [30, 0, 0]
				}
			}
		},
		"animation.mutantenderman2.attack": {
			"loop": true,
			"animation_length": 0.1,
			"bones": {
				"block": {
					"scale": 0.01
				},
				"block2": {
					"scale": 0.01
				},
				"left_arm3": {
					"rotation": [-52.5, 0, 0]
				},
				"left_hand": {
					"scale": [2.2, 1.8, 1.5]
				}
			}
		},
		"animation.mutantenderman2.attack2": {
			"loop": true,
			"animation_length": 0.1,
			"bones": {
				"block": {
					"scale": 0.01
				},
				"block2": {
					"scale": 0.01
				},
				"right_arm": {
					"rotation": [-47.5, 0, 0]
				},
				"right_hand": {
					"scale": [1.9, 2.1, 1.9]
				}
			}
		},
		"animation.mutantenderman2.blocks": {
			"loop": true,
			"bones": {
				"head": {
					"rotation": ["query.target_x_rotation - this", "query.target_y_rotation - this", 0]
				},
				"left_arm3": {
					"rotation": [-50, 0, 35]
				},
				"left_arm4": {
					"rotation": [0, 0, 37.5]
				},
				"left_hand": {
					"rotation": [0, 30, 42.5]
				},
				"right_arm": {
					"rotation": [-32.5, 0, -37.5]
				},
				"right_arm2": {
					"rotation": [-15, 0, -30]
				},
				"right_hand": {
					"rotation": [0, -50, -32.5]
				},
				"teeth": {
					"rotation": [12.5, 0, 0]
				}
			}
		},
		"animation.mutantenderman2.blocks2": {
			"loop": true,
			"bones": {
				"head": {
					"rotation": ["query.target_x_rotation - this", "query.target_y_rotation - this", 0]
				},
				"left_arm2": {
					"rotation": [-30, 0, 20]
				},
				"left_arm3": {
					"rotation": [-80, 17.5, 0]
				},
				"left_arm4": {
					"rotation": [0, -5, 15]
				},
				"left_hand": {
					"rotation": [-42.5, -10, 57.5]
				},
				"left_hand2": {
					"rotation": [37.5, 42.5, 82.5]
				},
				"right_arm": {
					"rotation": [-85, -30, 0]
				},
				"right_arm3": {
					"rotation": [0, 0, -22.5]
				},
				"right_arm4": {
					"rotation": [-17.5, -7.5, 0]
				},
				"right_hand": {
					"rotation": [-22.5, 0, -75]
				},
				"right_hand2": {
					"rotation": [-37.5, -32.5, -42.5]
				},
				"teeth": {
					"rotation": [10, 0, 0]
				}
			}
		},
		"animation.mutantenderman2.dead": {
			"loop": true,
			"animation_length": 4.00013,
			"bones": {
				"block": {
					"scale": 0.01
				},
				"block2": {
					"scale": 0.01
				},
				"head": {
					"rotation": {
						"0.2083": [32.5, 0, 0],
						"1.0833": [-2.5, 0, 0]
					},
					"position": {
						"0.0": [0, 0, 0],
						"0.9583": [0, 0, -0.42],
						"1.0833": [0, 0, -5]
					}
				},
				"left_arm2": {
					"rotation": {
						"0.2083": [22.5, 0, 0],
						"1.0833": [22.5, 0, 0]
					}
				},
				"left_arm3": {
					"rotation": {
						"0.2083": [25, 0, 0],
						"1.0": [22.5, 0, 0],
						"1.0833": [22.5, 0, 52.5]
					}
				},
				"left_arm4": {
					"rotation": {
						"0.2083": [-92.5, 0, 0],
						"1.0": [-100, 0, 0],
						"1.0833": [10, 72.5, 0]
					}
				},
				"left_arm5": {
					"rotation": {
						"0.2083": [-92.5, 0, 0],
						"1.0": [-100, 0, 0],
						"1.0833": [17.5, 112.5, 0]
					}
				},
				"left_leg3": {
					"rotation": {
						"0.2083": [-75, 0, 0],
						"1.0": [-95, 0, 0],
						"1.0833": [-5, 0, 17.5]
					}
				},
				"left_leg4": {
					"rotation": {
						"0.2083": [107.5, 0, 0],
						"1.0": [120, 0, 0],
						"1.0833": [-2.5, 0, 0]
					}
				},
				"right_arm": {
					"rotation": {
						"0.2083": [25, 0, 0],
						"1.0": [20, 0, 0],
						"1.0833": [30, 0, -50]
					}
				},
				"right_arm2": {
					"rotation": {
						"0.2083": [-92.5, 7.5, 0],
						"1.0": [-105, 7.5, 0],
						"1.0833": [20, -87.5, -25]
					}
				},
				"right_arm3": {
					"rotation": {
						"0.2083": [25, 0, 0],
						"1.0": [20, 0, 0],
						"1.0833": [20, 0, 0]
					}
				},
				"right_arm4": {
					"rotation": {
						"0.2083": [-92.5, 7.5, 0],
						"1.0": [-105, 7.5, 0],
						"1.0833": [12.5, -95, -5]
					}
				},
				"right_leg": {
					"rotation": {
						"0.2083": [-65, 0, 0],
						"1.0": [-97.5, 0, 0],
						"1.0833": [2.5, 0, -15]
					}
				},
				"right_leg2": {
					"rotation": {
						"0.2083": [97.5, 0, 0],
						"1.0": [115, 0, 0],
						"1.0833": [-5, 0, 0]
					}
				},
				"root": {
					"position": {
						"0.0": [0, -4, 0],
						"1.0": [0, 10, 0],
						"1.0833": [-1.55, 10, 0],
						"1.125": [-0.36, 10, 0],
						"1.1667": [0.67, 10, 0],
						"1.2083": [-2.3, 10, 0],
						"1.25": [0.62, 10, 0],
						"1.2917": [-2.83, 10, 0],
						"1.3333": [1, 10, 0],
						"1.375": [-3, 10, 0],
						"1.4167": [1.4, 10, 0],
						"1.4583": [-2.7, 10, 0],
						"1.5": [3.53, 10, 0],
						"1.5833": [-11, 10, 0],
						"2.125": [17, 10, 0],
						"2.625": [-10, 10, 0],
						"3.2083": [19, 10, 0],
						"3.75": [3, 10, 0]
					},
					"scale": {
						"3.75": [1, 1, 1],
						"3.9167": [8.7333, 10.2333, 9.4],
						"4.0": [0, 0, 1]
					}
				},
				"teeth": {
					"rotation": {
						"0.0": [-2.5, 0, 0],
						"0.9583": [3.17, 0, 0],
						"1.0833": [35, 0, 0]
					}
				},
				"torso2": {
					"rotation": {
						"0.0": [-5, 0, 0],
						"1.0": [7.5, 0, 0],
						"1.0833": [-40, 0, 0]
					}
				}
			}
		},
		"animation.mutantenderman2.general": {
			"loop": true,
			"bones": {
				"block": {
					"scale": 0.01
				},
				"block2": {
					"scale": 0.01
				},
				"head": {
					"rotation": ["query.target_x_rotation - this", "query.target_y_rotation - this", 0]
				}
			}
		},
		"animation.mutantenderman2.move": {
			"loop": true,
			"animation_length": 1,
			"bones": {
				"left_arm2": {
					"rotation": {
						"0.0": [-25, 0, 0],
						"0.5": [25, 0, 0],
						"1.0": [-25, 0, 0]
					}
				},
				"left_arm3": {
					"rotation": {
						"0.0": [-25, 0, 0],
						"0.5": [25, 0, 0],
						"1.0": [-25, 0, 0]
					}
				},
				"left_leg3": {
					"rotation": {
						"0.0": [27.5, 0, 0],
						"0.5": [-12.5, 0, 0],
						"1.0": [27.5, 0, 0]
					}
				},
				"right_arm": {
					"rotation": {
						"0.0": [25, 0, 0],
						"0.5": [-27.5, 0, 0],
						"1.0": [25, 0, 0]
					}
				},
				"right_arm3": {
					"rotation": {
						"0.0": [25, 0, 0],
						"0.5": [-27.5, 0, 0],
						"1.0": [25, 0, 0]
					}
				},
				"right_leg": {
					"rotation": {
						"0.0": [-10, 0, 0],
						"0.5": [30, 0, 0],
						"1.0": [-10, 0, 0]
					}
				}
			}
		},
		"animation.mutantenderman2.run": {
			"loop": true,
			"animation_length": 0.625,
			"bones": {
				"block": {
					"scale": 0.01
				},
				"block2": {
					"scale": 0.01
				},
				"left_arm2": {
					"rotation": {
						"0.0": [-35, 0, 0],
						"0.3333": [20, 0, 0],
						"0.625": [-35, 0, 0]
					}
				},
				"left_arm3": {
					"rotation": {
						"0.0": [-35, 0, 0],
						"0.3333": [22.5, 0, 0],
						"0.625": [-35, 0, 0]
					}
				},
				"left_leg3": {
					"rotation": {
						"0.0": [37.5, 0, 0],
						"0.3333": [-2.5, 0, 0],
						"0.625": [37.5, 0, 0]
					}
				},
				"right_arm": {
					"rotation": {
						"0.0": [35, 0, 0],
						"0.3333": [-30, 0, 0],
						"0.625": [35, 0, 0]
					}
				},
				"right_arm3": {
					"rotation": {
						"0.0": [35, 0, 0],
						"0.3333": [-30, 0, 0],
						"0.625": [35, 0, 0]
					}
				},
				"right_leg": {
					"rotation": {
						"0.0": [-12.5, 0, 0],
						"0.3333": [40, 0, 0],
						"0.625": [-12.5, 0, 0]
					}
				}
			}
		}
	}
}