{
	"format_version": "1.8.0",
	"animations": {
		"animation.opheebop.general": {
			"loop": true,
			"animation_length": 0.83333,
			"bones": {
				"torso2": {
					"rotation": {
						"0.0": [0, 0, -15],
						"0.4167": [0, 0, 17.5],
						"0.4583": [0, 0, 16.75],
						"0.8333": [0, 0, -15]
					}
				},
				"tail": {
					"rotation": {
						"0.0": [42.5, 0, -25],
						"0.4167": [42.5, 0, 32.5],
						"0.8333": [42.5, 0, -25]
					}
				},
				"tail2": {
					"rotation": [27.5, 0, 0]
				},
				"tail3": {
					"rotation": [22.5, 0, 0]
				},
				"tail4": {
					"rotation": [22.5, 0, 0]
				},
				"head": {
					"rotation": {
						"0.0": [0, 0, -12.5],
						"0.4167": [0, 0, 7.27],
						"0.4583": [0, 0, 17.5],
						"0.8333": [0, 0, -12.5]
					}
				},
				"error": {
					"position": [-21, 0, 0],
					"scale": {
						"0.0": [-0.5, 0, 0.5],
						"0.375": [-0.3, 0, 0.35],
						"0.4167": [1, 1, 1],
						"0.4583": [1, 1, 1],
						"0.5": [0.2, 0, 0]
					}
				},
				"torso4": {
					"rotation": {
						"0.4167": [0, 0, 22.5],
						"0.4583": [0, 0, 15]
					}
				},
				"head2": {
					"rotation": {
						"0.4167": [0, 0, 0],
						"0.4583": [0, 0, 15]
					},
					"scale": [1.2, 1.2, 1.3]
				},
				"tail5": {
					"scale": [1, 1, -0.1]
				}
			}
		},
		"animation.opheebop.move": {
			"loop": true,
			"animation_length": 0.83333,
			"bones": {
				"torso": {
					"scale": [1, 1, 1.2]
				},
				"torso2": {
					"rotation": [5, 0, 0],
					"scale": [1, 1, 0.9]
				},
				"tail": {
					"rotation": {
						"0.0": [45, 0, 0],
						"0.4167": [45, 0, 32.5],
						"0.8333": [45, 0, -15]
					}
				},
				"tail2": {
					"rotation": {
						"0.0": [17.5, -27.5, 0],
						"0.4167": [17.5, 0, 0],
						"0.8333": [17.5, -17.5, 0]
					}
				},
				"tail3": {
					"rotation": {
						"0.0": [15, -30, 0],
						"0.4167": [15, 0, 0],
						"0.8333": [15, -10, 0]
					}
				},
				"tail4": {
					"rotation": {
						"0.0": [27.5, 0, 0],
						"0.4167": [27.5, 32.5, 0],
						"0.8333": [27.5, 5, 0]
					}
				},
				"head": {
					"rotation": [-7.5, 0, 0]
				},
				"torso3": {
					"position": [-22, 0, 0],
					"scale": [0.3, 0, 0]
				}
			}
		},
		"animation.opheebop.cast": {
			"loop": true,
			"animation_length": 0.58333,
			"bones": {
				"torso2": {
					"rotation": [-12.5, 0, 0]
				},
				"tail": {
					"rotation": [0, 0, 0],
					"scale": [1, 1, -0.2]
				},
				"head": {
					"rotation": {
						"0.0": [0, 0, -2.5],
						"0.3333": [5, 0, -22.5]
					},
					"scale": {
						"0.2917": [1, 1, 1],
						"0.3333": [1, 0.5, 1]
					}
				},
				"torso3": {
					"position": [-21, 0, 0]
				},
				"torso4": {
					"rotation": [-12.5, 0, 0]
				},
				"head2": {
					"rotation": {
						"0.0": [0, 0, 0],
						"0.3333": [0, 0, -17.5],
						"0.375": [0, 0, -7.5],
						"0.4167": [0, 0, -22.5],
						"0.4583": [0, 0, -2.5],
						"0.5": [0, 0, -25],
						"0.5417": [-2.5, 0, -2.5],
						"0.5833": [0, 0, -17.5]
					},
					"position": {
						"0.0": [0, -1, 0],
						"0.2917": [0, -5.38, 1.37],
						"0.3333": [0, -6, -3]
					},
					"scale": {
						"0.0": [0.4, 0, 0.5],
						"0.2917": [0.325, 0.325, 0.175],
						"0.3333": [1.6, 1.5, 1.3]
					}
				},
				"tail5": {
					"rotation": [32.5, 0, 0]
				},
				"tail6": {
					"rotation": [15, 0, 0]
				},
				"tail7": {
					"rotation": [20, 0, 0]
				},
				"tail8": {
					"rotation": [27.5, 0, 0]
				}
			}
		}
	}
}