{"animations":{"animation.titan_enderman.attack":{"animation_length":0.33333,"bones":{"arm":{"rotation":{"0.0":[2.5,0,0],"0.2083":[-92.5,0,0],"0.3333":[2.5,0,0]}},"arm2":{"rotation":{"0.0":[5,0,0],"0.2083":[-92.5,0,0],"0.3333":[5,0,0]}}},"loop":true},"animation.titan_enderman.general":{"bones":{"arm":{"rotation":[0,0,"Math.sin(query.life_time * 180.0)"]},"arm2":{"rotation":[0,0,"Math.sin(query.life_time * 180.0)"]},"head":{"rotation":["query.target_x_rotation - this","query.target_y_rotation - this",0]},"head2":{"rotation":["query.target_x_rotation - this","query.target_y_rotation - this",0]}},"loop":true},"animation.titan_enderman.grab":{"bones":{"arm":{"rotation":[-72.5,0,0]},"arm2":{"rotation":[-75,0,0]},"head":{"rotation":["query.target_x_rotation - this","query.target_y_rotation - this",0]},"head2":{"rotation":["query.target_x_rotation - this","query.target_y_rotation - this",0]}},"loop":true},"animation.titan_enderman.move":{"animation_length":0.83333,"bones":{"arm":{"rotation":{"0.0":[-30,0,0],"0.4167":[40,0,0],"0.8333":[-30,0,0]}},"arm2":{"rotation":{"0.0":[30,0,0],"0.4167":[-32.5,0,0],"0.8333":[30,0,0]}},"head2":{"rotation":["query.target_x_rotation - this","query.target_y_rotation - this",0]},"leg":{"rotation":{"0.0":[27.5,0,0],"0.4167":[-22.5,0,0],"0.8333":[27.5,0,0]}},"leg2":{"rotation":{"0.0":[-17.5,0,0],"0.4167":[27.5,0,0],"0.8333":["-17.5",0,0]}}},"loop":true}},"format_version":"1.8.0"}