{"format_version":"1.8.0","minecraft:entity":{"component_groups":{"attack_now":{"minecraft:behavior.nearest_attackable_target":{"entity_types":[{"filters":{"any_of":[{"subject":"other","test":"is_family","value":"player"},{"subject":"other","test":"has_tag","value":"metarget"},{"subject":"other","test":"is_family","value":"snowgolem"},{"subject":"other","test":"is_family","value":"irongolem"}]},"max_dist":35},{"filters":{"any_of":[{"subject":"other","test":"is_family","value":"endermite"}]},"max_dist":35,"must_see":false}],"must_see":true,"must_see_forget_duration":17,"priority":2,"reselect_targets":true,"within_radius":25},"minecraft:damage_sensor":[{"on_damage":{"event":"dead","filters":{"all_of":[{"test":"has_damage","value":"fatal"}]}}},{"on_damage":{"deals_damage":true,"event":"miss","filters":{"all_of":[{"test":"has_damage","value":"all"}]},"target":"self"}}],"minecraft:target_nearby_sensor":{"inside_range":5,"on_inside_range":{"event":"melee","target":"self"},"on_outside_range":{"event":"ranged","target":"self"},"outside_range":8}},"clone":{"minecraft:attack":{"damage":16,"effect_duration":3,"effect_name":"blindness"},"minecraft:behavior.melee_attack":{"priority":2,"speed_multiplier":1,"track_target":false},"minecraft:behavior.nearest_attackable_target":{"entity_types":[{"filters":{"any_of":[{"subject":"other","test":"is_family","value":"player"},{"subject":"other","test":"has_tag","value":"metarget"},{"subject":"other","test":"is_family","value":"snowgolem"},{"subject":"other","test":"is_family","value":"irongolem"}]},"max_dist":35},{"filters":{"any_of":[{"subject":"other","test":"is_family","value":"endermite"}]},"max_dist":35,"must_see":false}],"must_see":true,"must_see_forget_duration":17,"priority":2,"reselect_targets":true,"within_radius":25},"minecraft:spawn_entity":[{"max_wait_time":0.1,"min_wait_time":0.1,"num_to_spawn":10,"single_use":true,"spawn_entity":"clone:clone2"}],"minecraft:timer":{"looping":false,"time":[8,8],"time_down_event":{"event":"melee"}}},"dead":{"minecraft:scale":{"value":0},"minecraft:transformation":{"into":"death:menderman"}},"hurt":{"minecraft:is_chested":{},"minecraft:spell_effects":{"add_effects":[{"ambient":false,"amplifier":1,"duration":1,"effect":"resistance","visible":false}]},"minecraft:teleport":{"light_teleport_chance":0.025,"max_random_teleport_time":0.1,"random_teleport_cube":[8,8,8],"random_teleports":true,"target_distance":20,"target_teleport_chance":0}},"melee":{"minecraft:attack":{"damage":16,"effect_duration":3,"effect_name":"blindness"},"minecraft:behavior.delayed_attack":{"attack_duration":0.1,"hit_delay_pct":0.25,"priority":1,"reach_multiplier":2.8,"sound_event":"attack.strong","track_target":true},"minecraft:behavior.melee_attack":{"priority":2,"speed_multiplier":1,"track_target":false},"minecraft:behavior.nearest_attackable_target":{"entity_types":[{"filters":{"any_of":[{"subject":"other","test":"is_family","value":"player"},{"subject":"other","test":"has_tag","value":"metarget"},{"subject":"other","test":"is_family","value":"snowgolem"},{"subject":"other","test":"is_family","value":"irongolem"}]},"max_dist":35},{"filters":{"any_of":[{"subject":"other","test":"is_family","value":"endermite"}]},"max_dist":35,"must_see":false}],"must_see":true,"must_see_forget_duration":17,"priority":2,"reselect_targets":true,"within_radius":25},"minecraft:damage_sensor":[{"on_damage":{"event":"dead","filters":{"all_of":[{"test":"has_damage","value":"fatal"}]}}},{"on_damage":{"deals_damage":true,"event":"miss","filters":{"all_of":[{"test":"has_damage","value":"all"}]},"target":"self"}}],"minecraft:mark_variant":{"value":1},"minecraft:movement":{"value":0.28},"minecraft:timer":{"looping":false,"time":[14,15],"time_down_event":{"event":"roar"}}},"minecraft:enderman_angry":{"minecraft:angry":{"broadcast_anger":true,"broadcast_range":60,"calm_event":{"event":"minecraft:on_calm","target":"self"},"duration":85},"minecraft:behavior.nearest_attackable_target":{"entity_types":[{"filters":{"any_of":[{"subject":"other","test":"is_family","value":"player"},{"subject":"other","test":"has_tag","value":"metarget"},{"subject":"other","test":"is_family","value":"snowgolem"},{"subject":"other","test":"is_family","value":"irongolem"}]},"max_dist":35},{"filters":{"any_of":[{"subject":"other","test":"is_family","value":"endermite"}]},"max_dist":35,"must_see":false}],"must_see":true,"must_see_forget_duration":17,"priority":2,"reselect_targets":true,"within_radius":25},"minecraft:mark_variant":{"value":1}},"minecraft:enderman_calm":{"minecraft:lookat":{"filters":{"all_of":[{"subject":"other","test":"is_family","value":"player"}]},"look_cooldown":1,"search_radius":64,"set_target":true},"minecraft:mark_variant":{"value":0},"minecraft:movement":{"value":0.3},"minecraft:on_target_acquired":{"event":"minecraft:become_angry","target":"self"}},"ranged":{"minecraft:behavior.nearest_attackable_target":{"entity_types":[{"filters":{"any_of":[{"subject":"other","test":"is_family","value":"player"},{"subject":"other","test":"has_tag","value":"metarget"},{"subject":"other","test":"is_family","value":"snowgolem"},{"subject":"other","test":"is_family","value":"irongolem"}]},"max_dist":35},{"filters":{"any_of":[{"subject":"other","test":"is_family","value":"endermite"}]},"max_dist":35,"must_see":false}],"must_see":true,"must_see_forget_duration":17,"priority":2,"reselect_targets":true,"within_radius":25},"minecraft:behavior.ranged_attack":{"attack_interval_max":1.6,"attack_interval_min":0.6,"attack_radius":15,"burst_interval":0.5,"burst_shots":1},"minecraft:damage_sensor":[{"on_damage":{"event":"dead","filters":{"all_of":[{"test":"has_damage","value":"fatal"}]}}},{"on_damage":{"deals_damage":true,"event":"miss","filters":{"all_of":[{"test":"has_damage","value":"all"}]},"target":"self"}}],"minecraft:is_charged":{},"minecraft:is_sheared":{},"minecraft:mark_variant":{"value":0},"minecraft:shooter":{"def":"btg15:block"},"minecraft:timer":{"looping":false,"time":[14,15],"time_down_event":{"event":"roar"}}},"ranged2":{"minecraft:behavior.nearest_attackable_target":{"entity_types":[{"filters":{"any_of":[{"subject":"other","test":"is_family","value":"player"},{"subject":"other","test":"has_tag","value":"metarget"},{"subject":"other","test":"is_family","value":"snowgolem"},{"subject":"other","test":"is_family","value":"irongolem"}]},"max_dist":35},{"filters":{"any_of":[{"subject":"other","test":"is_family","value":"endermite"}]},"max_dist":35,"must_see":false}],"must_see":true,"must_see_forget_duration":17,"priority":2,"reselect_targets":true,"within_radius":25},"minecraft:behavior.ranged_attack":{"attack_interval_max":1.6,"attack_interval_min":0.6,"attack_radius":15,"burst_interval":0.5,"burst_shots":4},"minecraft:damage_sensor":[{"on_damage":{"event":"dead","filters":{"all_of":[{"test":"has_damage","value":"fatal"}]}}},{"on_damage":{"deals_damage":true,"event":"miss","filters":{"all_of":[{"test":"has_damage","value":"all"}]},"target":"self"}}],"minecraft:is_charged":{},"minecraft:is_illager_captain":{},"minecraft:mark_variant":{"value":0},"minecraft:shooter":{"def":"btg15:block"},"minecraft:timer":{"looping":false,"time":[14,15],"time_down_event":{"event":"roar"}}},"roar":{"minecraft:behavior.knockback_roar":{"attack_time":0.2,"cooldown_time":99999,"damage_filters":{"operator":"!=","subject":"other","test":"is_family","value":"enderman"},"duration":3.25,"knockback_damage":20,"knockback_filters":{"operator":"!=","subject":"other","test":"is_family","value":"enderman"},"knockback_range":10,"knockback_strength":7,"on_roar_end":{"event":"clone"},"priority":0},"minecraft:mob_effect":{"effect_range":8,"effect_time":3,"entity_filter":{"any_of":[{"subject":"other","test":"is_family","value":"player"},{"subject":"other","test":"is_family","value":"mob"},{"subject":"other","test":"is_family","value":"monster"}]},"mob_effect":"weakness"},"minecraft:movement":{"value":0},"minecraft:spell_effects":{"add_effects":[{"ambient":false,"amplifier":255,"duration":7,"effect":"resistance","visible":false}]},"minecraft:timer":{"looping":false,"time":[3.25,3.25],"time_down_event":{"event":"clone"}}},"spell":{"minecraft:behavior.nearest_attackable_target":{"entity_types":[{"filters":{"any_of":[{"subject":"other","test":"is_family","value":"player"},{"subject":"other","test":"has_tag","value":"metarget"},{"subject":"other","test":"is_family","value":"snowgolem"},{"subject":"other","test":"is_family","value":"irongolem"}]},"max_dist":35},{"filters":{"any_of":[{"subject":"other","test":"is_family","value":"endermite"}]},"max_dist":35,"must_see":false}],"must_see":true,"must_see_forget_duration":17,"priority":2,"reselect_targets":true,"within_radius":25},"minecraft:spell_effects":{"add_effects":[{"ambient":false,"amplifier":0,"duration":999999,"effect":"resistance","visible":false},{"ambient":false,"amplifier":0,"duration":999999,"effect":"regeneration","visible":false}]}},"start_to_miss":{"minecraft:damage_sensor":{"triggers":{"deals_damage":true,"on_damage":{"event":"sans_miss"}}},"minecraft:is_charged":{},"minecraft:variant":{"value":1}},"tp":{"minecraft:behavior.nearest_attackable_target":{"entity_types":[{"filters":{"any_of":[{"subject":"other","test":"is_family","value":"player"},{"subject":"other","test":"has_tag","value":"metarget"},{"subject":"other","test":"is_family","value":"snowgolem"},{"subject":"other","test":"is_family","value":"irongolem"}]},"max_dist":35},{"filters":{"any_of":[{"subject":"other","test":"is_family","value":"endermite"}]},"max_dist":35,"must_see":false}],"must_see":true,"must_see_forget_duration":17,"priority":2,"reselect_targets":true,"within_radius":25},"minecraft:damage_sensor":[{"on_damage":{"event":"minecraft:event_spawn_dead","filters":{"all_of":[{"test":"has_damage","value":"fatal"}]}}},{"on_damage":{"deals_damage":true,"event":"miss","filters":{"all_of":[{"test":"has_damage","value":"all"}]},"target":"self"}}],"minecraft:is_on_rider":{"family_types":["enderman","despawn_"],"max_seat":1,"ride_coodown":"null"},"minecraft:jump_behind":{"yard":0.1},"minecraft:teleport":{"light_teleport_chance":0.025,"max_random_teleport_time":2,"random_teleport_cube":[8,8,8],"random_teleports":true,"target_distance":20,"target_teleport_chance":0}},"true":{"minecraft:variant":{"value":0}}},"components":{"minecraft:behavior.enderman_leave_block":{"priority":10},"minecraft:behavior.enderman_take_block":{"priority":11},"minecraft:behavior.float":{"priority":0},"minecraft:behavior.hurt_by_target":{"entity_types":{"filters":{"operator":"!=","subject":"other","test":"is_family","value":"rhexenderman"}},"priority":1},"minecraft:behavior.look_at_player":{"look_distance":8,"priority":8,"probability":8},"minecraft:behavior.nearest_attackable_target":{"entity_types":[{"filters":{"any_of":[{"subject":"other","test":"is_family","value":"player"},{"subject":"other","test":"has_tag","value":"metarget"},{"subject":"other","test":"is_family","value":"snowgolem"},{"subject":"other","test":"is_family","value":"irongolem"}]},"max_dist":35},{"filters":{"any_of":[{"subject":"other","test":"is_family","value":"endermite"}]},"max_dist":35,"must_see":false}],"must_see":true,"must_see_forget_duration":17,"priority":2,"reselect_targets":true,"within_radius":25},"minecraft:behavior.random_look_around":{"priority":8},"minecraft:behavior.random_stroll":{"priority":7,"speed_multiplier":1},"minecraft:break_blocks":{"breakable_blocks":["bamboo_sapling","beetroot","brown_mushroom","carrots","carved_pumpkin","chorus_flower","chorus_plant","lit_pumpkin","melon_stem","potatoes","pumpkin","pumpkin_stem","red_flower","red_mushroom","reeds","sapling","sweet_berry_bush","vine","waterlily","yellow_flower","bamboo","wheat","oak_stairs","spruce_stairs","dark_oak_stairs","birch_stairs","acacia_stairs","carved_pumpkin","leaves","leaves2","lit_pumpkin","melon_block","spruce_door","oak_door","birch_door","acacia_door","ice","dark_oak_door","turtle_egg","wood_planks","fence","redstone_wire","glass","glass_pane","slab","wool","bed","planks","ladder","scaffolding","trapdoor","acacia_trapdoor","planks_jungle","cactus"]},"minecraft:breathable":{"suffocate_time":0,"total_supply":15},"minecraft:can_climb":{},"minecraft:collision_box":{"height":3.5,"width":0.8},"minecraft:damage_sensor":[{"on_damage":{"event":"dead","filters":{"all_of":[{"test":"has_damage","value":"fatal"}]}}},{"on_damage":{"deals_damage":true,"event":"miss","filters":{"all_of":[{"test":"has_damage","value":"all"}]},"target":"self"}}],"minecraft:experience_reward":{"on_death":"query.last_hit_by_player ? 99 : 0"},"minecraft:follow_range":{"max":45,"value":45},"minecraft:health":{"max":200,"value":200},"minecraft:hurt_on_condition":{"damage_conditions":[{"cause":"lava","damage_per_tick":4,"filters":{"operator":"==","subject":"self","test":"in_lava","value":true}}]},"minecraft:jump.static":{},"minecraft:knockback_resistance":{"value":1},"minecraft:loot":{"table":"loot_tables/entities/mem.json"},"minecraft:movement.basic":{},"minecraft:nameable":{},"minecraft:navigation.walk":{"avoid_water":true,"can_path_over_water":false},"minecraft:on_target_acquired":{"event":"miss","target":"self"},"minecraft:on_target_escape":{"event":"stop_miss","target":"self"},"minecraft:physics":{},"minecraft:pushable":{"is_pushable":true,"is_pushable_by_piston":true},"minecraft:scale":{"value":1.25},"minecraft:spell_effects":{"add_effects":[{"ambient":false,"amplifier":0,"duration":999999,"effect":"resistance","visible":false},{"ambient":false,"amplifier":0,"duration":999999,"effect":"regeneration","visible":false}]},"minecraft:type_family":{"family":["enderman","monster","mob"]},"minecraft:variant":{"value":0}},"description":{"animations":{"dead":"controller.animation.menderman.death","miss":"animation.menderman","roar":"animation.menderman.roar_effect"},"identifier":"end:mutant_enderman","is_experimental":false,"is_spawnable":true,"is_summonable":true,"runtime_identifier":"minecraft:enderman","scripts":{"animate":[{"roar":"query.is_roaring"},{"miss":"query.is_chested"},"dead"]}},"events":{"clone":{"add":{"component_groups":["clone","spell","tp","minecraft:enderman_angry"]},"remove":{"component_groups":["range","roar","melee"]}},"dead":{"add":{"component_groups":["dead"]}},"melee":{"add":{"component_groups":["spell","melee","tp"]},"remove":{"component_groups":["ranged","roar","clone","ranged2"]}},"minecraft:become_angry":{"add":{"component_groups":["spell","minecraft:enderman_angry","tp","attack_now"]},"remove":{"component_groups":["minecraft:enderman_calm","roar","range","clone"]}},"minecraft:entity_spawned":{"add":{"component_groups":["spell","minecraft:enderman_calm","blah_blah_blah"]},"remove":{}},"minecraft:on_calm":{"add":{"component_groups":["spell","minecraft:enderman_calm"]},"remove":{"component_groups":["minecraft:enderman_angry","roar","range","melee","clone","tp"]}},"miss":{"add":{"component_groups":["start_to_miss"]},"remove":{"component_groups":["true"]}},"mutant":{"add":{"component_groups":["spell","minecraft:enderman_calm"]},"remove":{}},"ranged":{"randomize":[{"add":{"component_groups":["spell","ranged","tp"]},"remove":{"component_groups":["clone","melee","roar","ranged2"]},"weight":20},{"add":{"component_groups":["spell","ranged2","tp"]},"remove":{"component_groups":["clone","melee","roar","ranged"]},"weight":20}]},"roar":{"randomize":[{"add":{"component_groups":["roar"]},"remove":{"component_groups":["spell","melee","clone","tp","minecraft:enderman_angry","ranged","attack_now"]},"weight":1},{"add":{"component_groups":["spell","clone"]},"remove":{"component_groups":["roar","melee"]},"weight":1}]},"sans_miss":{"add":{"component_groups":["hurt"]}},"stop_miss":{"add":{"component_groups":["true"]},"remove":{"component_groups":["start_to_miss","hurt"]}},"stop_sans_miss":{"remove":{"component_groups":["hurt"]}}}}}