{"format_version":"1.8.0","minecraft:entity":{"component_groups":{"knock":{"minecraft:behavior.knockback_roar":{"attack_time":0.1,"cooldown_time":0.1,"damage_filters":{"operator":"!=","subject":"other","test":"is_family","value":"enderman"},"duration":0.1,"knockback_damage":6,"knockback_filters":{"operator":"!=","subject":"other","test":"is_family","value":"enderman"},"knockback_range":12,"knockback_strength":-4,"priority":0},"minecraft:is_shaking":{},"minecraft:spawn_entity":[{"max_wait_time":0,"min_wait_time":0,"num_to_spawn":35,"single_use":true,"spawn_entity":"minecraft:xp_bottle"}]}},"components":{"minecraft:damage_sensor":[{"deals_damage":false}],"minecraft:explode":{"causesFire":false,"fuseLength":4.00013,"fuseLit":true,"power":0},"minecraft:fire_immune":true,"minecraft:health":{"max":1,"min":1,"value":1},"minecraft:is_shaking":{},"minecraft:knockback_resistance":{"value":100},"minecraft:physics":{"has_collusion":false,"has_gravity":true},"minecraft:pushable":{"is_pushable":false,"is_pushable_by_piston":true},"minecraft:scale":{"value":1},"minecraft:timer":{"looping":false,"time":1.0833,"time_down_event":{"event":"knock"}}},"description":{"identifier":"death:menderman","is_experimental":false,"is_spawnable":false,"is_summonable":true},"events":{"knock":{"add":{"component_groups":["knock"]},"remove":{}}}}}