{"format_version":"1.8.0","minecraft:entity":{"component_groups":{"timer":{"minecraft:is_charged":{},"minecraft:timer":{"looping":false,"time":15,"time_down_event":{"event":"tp_send"}}},"tp":{"minecraft:teleport":{"light_teleport_chance":0.05,"max_random_teleport_time":1,"random_teleport_cube":[8,8,8],"random_teleports":true,"target_distance":1,"target_teleport_chance":0.05},"minecraft:timer":{"looping":false,"time":3,"time_down_event":{"event":"stop_tp"}}}},"components":{"minecraft:annotation.open_door":{},"minecraft:attack":{"damage":32},"minecraft:behavior.float":{"priority":0},"minecraft:behavior.hurt_by_target":{"priority":3},"minecraft:behavior.look_at_player":{"look_distance":8,"priority":12,"probability":0.02},"minecraft:behavior.melee_attack":{"max_dist":3,"priority":2,"random_stop_interval":100,"reach_multiplier":1.4,"speed_multiplier":1.25,"target_dist":0,"track_target":false},"minecraft:behavior.move_indoors":{"priority":4,"speed_multiplier":0.8},"minecraft:behavior.move_towards_restriction":{"priority":7,"speed_multiplier":0.6},"minecraft:behavior.nearest_attackable_target":{"entity_types":[{"filters":{"any_of":[{"subject":"other","test":"is_family","value":"player"},{"subject":"other","test":"is_family","value":"villager"},{"subject":"other","test":"is_family","value":"snowgolem"},{"subject":"other","test":"is_family","value":"irongolem"}]},"max_dist":35},{"filters":{"any_of":[{"subject":"other","test":"is_family","value":"endermite"}]},"max_dist":35,"must_see":false}],"must_see":true,"must_see_forget_duration":17,"priority":2,"reselect_targets":true,"within_radius":25},"minecraft:behavior.open_door":{"close_door_after":true,"priority":6},"minecraft:behavior.pickup_items":{"goal_radius":2,"max_dist":3,"priority":9,"speed_multiplier":0.5},"minecraft:behavior.random_stroll":{"priority":11,"speed_multiplier":0.6},"minecraft:behavior.restrict_open_door":{"priority":5},"minecraft:behavior.share_items":{"entity_types":[{"filters":{"subject":"other","test":"is_family","value":"my"}}],"goal_radius":10,"max_dist":10,"priority":8,"speed_multiplier":0.5},"minecraft:behavior.summon_entity":{"priority":1,"summon_choices":[{"cast_duration":1.33333,"cooldown_time":5,"sequence":[{"base_delay":0.1,"entity_type":"clone:clone","num_entities_spawned":3,"shape":"circle","size":3,"summon_cap":3,"summon_cap_radius":4,"target":"target"},{"base_delay":0.3,"entity_type":"clone:clone","num_entities_spawned":5,"shape":"circle","size":5,"summon_cap":6,"summon_cap_radius":7,"target":"target"}],"weight":5},{"cast_duration":1.33333,"cooldown_time":5,"sequence":[{"base_delay":0.1,"entity_type":"clone:clone2","num_entities_spawned":3,"shape":"circle","size":3,"summon_cap":3,"summon_cap_radius":4,"target":"target"},{"base_delay":0.1,"entity_type":"clone:clone2","num_entities_spawned":4,"shape":"circle","size":4,"summon_cap":4,"summon_cap_radius":5,"target":"target"}],"weight":5}]},"minecraft:behavior.vex_copy_owner_target":{"entity_types":[{"filters":{"any_of":[{"subject":"other","test":"is_family","value":"player"},{"subject":"other","test":"is_family","value":"snowgolem"},{"subject":"other","test":"is_family","value":"irongolem"}]},"max_dist":35},{"filters":{"any_of":[{"subject":"other","test":"is_family","value":"endermite"}]},"max_dist":35,"must_see":false}],"must_see":true,"must_see_forget_duration":17,"priority":2,"reselect_targets":true,"within_radius":25},"minecraft:can_climb":{},"minecraft:collision_box":{"height":2.7,"width":0.8},"minecraft:equip_item":{},"minecraft:experience_reward":{"on_death":"query.last_hit_by_player ? 938 : 0"},"minecraft:fall_damage":{"max":0.1,"value":0.1},"minecraft:follow_range":{"max":50,"value":50},"minecraft:health":{"max":160,"value":160},"minecraft:jump.static":{},"minecraft:knockback_resistance":{"value":10.525},"minecraft:loot":{"table":"loot_tables/entities/noloot.json"},"minecraft:movement":{"value":0.28},"minecraft:movement.basic":{},"minecraft:navigation.walk":{"avoid_water":true,"can_open_doors":false,"can_pass_doors":false,"can_path_over_water":true,"can_walk":true,"is_amphibious":false},"minecraft:physics":{},"minecraft:scale":{"value":1},"minecraft:spell_effects":{"add_effects":[{"ambient":false,"amplifier":1,"duration":99999,"effect":"resistance","visible":false},{"ambient":false,"amplifier":1,"duration":99999,"effect":"regeneration","visible":false},{"ambient":false,"amplifier":5,"duration":99999,"effect":"fire_resistance","visible":false}]},"minecraft:type_family":{"family":["enderman","monster"]},"minecraft:underwater_movement":{"value":0}},"description":{"animations":{"lol":"controller.animation.thunder_punch","tp":"animation.teleportation_tester"},"identifier":"ender:ender_golem","is_experimental":false,"is_spawnable":true,"is_summonable":true,"runtime_identifier":"minecraft:enderman","scripts":{"animate":["lol","tp"]}},"events":{"stop_tp":{"add":{"component_groups":["timer"]},"remove":{"component_groups":["tp"]}},"tp":{"add":{"component_groups":["timer"]}},"tp_send":{"add":{"component_groups":["tp"]},"remove":{"component_groups":["timer"]}}}}}