{"format_version":"1.8.0","minecraft:entity":{"components":{"minecraft:annotation.open_door":{},"minecraft:area_attack":{"cause":"contact","damage_per_tick":8,"damage_range":3.5,"entity_filter":{"any_of":[{"subject":"other","test":"is_family","value":"player"},{"subject":"other","test":"is_family","value":"villager"},{"subject":"other","test":"has_tag","value":"metarget"},{"subject":"other","test":"is_family","value":"snowgolem"},{"subject":"other","test":"is_family","value":"irongolem"}]}},"minecraft:attack":{"damage":8},"minecraft:behavior.float":{"priority":0},"minecraft:behavior.hurt_by_target":{"priority":3},"minecraft:behavior.look_at_player":{"look_distance":8,"priority":12,"probability":0.02},"minecraft:behavior.melee_attack":{"max_dist":3,"priority":2,"random_stop_interval":100,"reach_multiplier":1.4,"speed_multiplier":1.35,"target_dist":0,"track_target":false},"minecraft:behavior.move_indoors":{"priority":4,"speed_multiplier":0.8},"minecraft:behavior.move_towards_restriction":{"priority":7,"speed_multiplier":0.6},"minecraft:behavior.nearest_attackable_target":{"entity_types":[{"filters":{"any_of":[{"subject":"other","test":"is_family","value":"player"},{"subject":"other","test":"is_family","value":"villager"},{"subject":"other","test":"is_family","value":"snowgolem"},{"subject":"other","test":"is_family","value":"irongolem"}]},"max_dist":35},{"filters":{"any_of":[{"subject":"other","test":"is_family","value":"endermite"}]},"max_dist":35,"must_see":false}],"must_see":true,"must_see_forget_duration":17,"priority":2,"reselect_targets":true,"within_radius":25},"minecraft:behavior.open_door":{"close_door_after":true,"priority":6},"minecraft:behavior.pickup_items":{"goal_radius":2,"max_dist":3,"priority":9,"speed_multiplier":0.5},"minecraft:behavior.random_hover":{"hover_height":[1,4],"interval":1,"priority":11,"xz_dist":8,"y_dist":8,"y_offset":-1},"minecraft:behavior.random_stroll":{"priority":11,"speed_multiplier":0.6},"minecraft:behavior.restrict_open_door":{"priority":5},"minecraft:behavior.share_items":{"entity_types":[{"filters":{"subject":"other","test":"is_family","value":"my"}}],"goal_radius":10,"max_dist":10,"priority":8,"speed_multiplier":0.5},"minecraft:behavior.vex_copy_owner_target":{"entity_types":[{"filters":{"any_of":[{"subject":"other","test":"is_family","value":"player"},{"subject":"other","test":"is_family","value":"snowgolem"},{"subject":"other","test":"is_family","value":"irongolem"}]},"max_dist":35},{"filters":{"any_of":[{"subject":"other","test":"is_family","value":"endermite"}]},"max_dist":35,"must_see":false}],"must_see":true,"must_see_forget_duration":17,"priority":2,"reselect_targets":true,"within_radius":25},"minecraft:can_climb":{},"minecraft:can_fly":{},"minecraft:collision_box":{"height":1.832,"width":0.6},"minecraft:equip_item":{},"minecraft:experience_reward":{"on_death":"query.last_hit_by_player ? 938 : 0"},"minecraft:explode":{"causes_fire":false,"destroy_affected_by_griefing":true,"fuse_length":5,"fuse_lit":true,"power":0},"minecraft:fall_damage":{"max":0.1,"value":0.1},"minecraft:flying_speed":{"value":0.12},"minecraft:follow_range":{"max":40,"value":34},"minecraft:health":{"max":20,"value":20},"minecraft:jump.static":{},"minecraft:knockback_resistance":{"value":0.31},"minecraft:loot":{"table":"loot_tables/entities/noloot.json"},"minecraft:movement":{"value":0.35},"minecraft:movement.basic":{},"minecraft:movement.hover":{},"minecraft:navigation.hover":{"avoid_damage_blocks":false,"avoid_sun":false,"avoid_water":true,"can_path_from_air":true,"can_path_over_water":true,"can_sink":false},"minecraft:navigation.walk":{"avoid_water":true,"can_open_doors":false,"can_pass_doors":false,"can_path_over_water":true,"can_walk":true,"is_amphibious":false},"minecraft:physics":{},"minecraft:scale":{"value":1},"minecraft:teleport":{"light_teleport_chance":0.05,"max_random_teleport_time":2,"random_teleport_cube":[8,8,8],"random_teleports":true,"target_distance":20,"target_teleport_chance":0.05},"minecraft:type_family":{"family":["enderman","monster"]},"minecraft:underwater_movement":{"value":0}},"description":{"identifier":"ender:ender_guardian","is_experimental":false,"is_spawnable":false,"is_summonable":true,"runtime_identifier":"minecraft:enderman"}}}