{"format_version":"1.8.0","minecraft:entity":{"component_groups":{"born":{"minecraft:behavior.knockback_roar":{"attack_time":0.1,"cooldown_time":30,"damage_filters":{"all_of":[{"subject":"other","test":"is_family","value":"player"}]},"duration":0.1,"knockback_damage":1,"knockback_filters":{"all_of":[{"operator":"!=","subject":"other","test":"is_family","value":"chemical_x"}]},"knockback_range":10,"knockback_strength":3,"priority":1},"minecraft:transformation":{"into":"entity:titan_enderman2"}}},"components":{"minecraft:behavior.float":{"priority":0},"minecraft:behavior.hurt_by_target":{"priority":3},"minecraft:can_climb":{},"minecraft:collision_box":{"height":0.45,"width":0.45},"minecraft:fall_damage":{"max":0.1,"value":0.1},"minecraft:health":{"max":50,"value":50},"minecraft:knockback_resistance":{"value":100},"minecraft:loot":{"table":"loot_tables/entities/noloot.json"},"minecraft:physics":{},"minecraft:scale":{"value":1},"minecraft:timer":{"looping":false,"randomInterval":false,"time":50,"time_down_event":{"event":"go"}},"minecraft:type_family":{"family":["titan_end"]}},"description":{"identifier":"titan:egg","is_experimental":false,"is_spawnable":false,"is_summonable":true,"runtime_identifier":"minecraft:enderman"},"events":{"go":{"add":{"component_groups":["born"]}}}}}