{"animation_controllers":{"controller.animation.endersoul":{"initial_state":"preshoot","states":{"preshoot":{"transitions":[{"shoot":"q.get_equipped_item_name(0) == 'endersoul' && q.is_using_item"}]},"shoot":{"on_entry":["@s endersoul","/title @a actionbar You are Throwing Grass? HOW???"],"on_exit":["v.bullet_fire = q.life_time;"],"transitions":[{"shooting":"1.0"}]},"shooting":{"on_entry":["v.delaytime = q.life_time;"],"transitions":[{"preshoot":"q.get_equipped_item_name(0) != 'endersoul' || !q.is_using_item"},{"shoot":"q.get_equipped_item_name(0) != 'endersoul' || !q.is_using_item"}]}}},"controller.animation.grenade":{"initial_state":"preshoot","states":{"preshoot":{"transitions":[{"shoot":"q.get_equipped_item_name(0) == 'grenade' && q.is_using_item"}]},"shoot":{"on_entry":["@s grenade","/playanimation @s animation.grenade.hold","/title @a actionbar Fire in the hall"],"on_exit":["v.bullet_fire = q.life_time;"],"transitions":[{"shooting":"1.0"}]},"shooting":{"on_entry":["v.delaytime = q.life_time;"],"transitions":[{"preshoot":"q.get_equipped_item_name(0) != 'grenade' || !q.is_using_item"},{"shoot":"q.get_equipped_item_name(0) != 'grenade' || !q.is_using_item"}]}}},"controller.animation.pistol":{"initial_state":"preshoot","states":{"preshoot":{"transitions":[{"shoot":"q.get_equipped_item_name(0) == 'pistol' && q.is_using_item"}]},"shoot":{"on_entry":["@s pistol","/playanimation @s animation.shotgun.holded","/title @a actionbar On Fire (Say Pew!, Lol)","/playsound mob.pistol.shoot @a"],"on_exit":["v.bullet_fire = q.life_time;"],"transitions":[{"shooting":"1.0"}]},"shooting":{"on_entry":["v.delaytime = q.life_time;"],"transitions":[{"preshoot":"q.get_equipped_item_name(0) != 'pistol' || !q.is_using_item"},{"shoot":"q.get_equipped_item_name(0) != 'pistol' || !q.is_using_item"}]}}},"controller.animation.shotgun":{"initial_state":"preshoot","states":{"preshoot":{"transitions":[{"shoot":"q.get_equipped_item_name(0) == 'shotgun' && q.is_using_item"}]},"shoot":{"on_entry":["@s shotgun","/playsound mob.shotgun.shoot @a","/playanimation @s animation.shotgun.holded","/title @a actionbar On Fire (Say Pew!, Lol)"],"on_exit":["v.bullet_fire = q.life_time;"],"transitions":[{"shooting":"1.0"}]},"shooting":{"on_entry":["v.delaytime = q.life_time;"],"transitions":[{"preshoot":"q.get_equipped_item_name(0) != 'shotgun' || !q.is_using_item"},{"shoot":"q.get_equipped_item_name(0) != 'shotgun' || !q.is_using_item"}]}}},"controller.animation.sword":{"initial_state":"preshoot","states":{"preshoot":{"transitions":[{"shoot":"q.get_equipped_item_name(0) == 'sword' && q.is_using_item"}]},"shoot":{"on_entry":["@s sword","/playanimation @s animation.sword.slice"],"on_exit":["v.bullet_fire = q.life_time;"],"transitions":[{"shooting":"1.0"}]},"shooting":{"on_entry":["v.delaytime = q.life_time;"],"transitions":[{"preshoot":"q.get_equipped_item_name(0) != 'sword' || !q.is_using_item"},{"shoot":"q.get_equipped_item_name(0) != 'sword' || !q.is_using_item"}]}}}},"format_version":"1.10.0"}