{"format_version":"1.8.0","minecraft:entity":{"components":{"minecraft:annotation.open_door":{},"minecraft:attack":{"damage":0},"minecraft:behavior.float":{"priority":0},"minecraft:behavior.hurt_by_target":{"priority":3},"minecraft:behavior.look_at_player":{"look_distance":8,"priority":12,"probability":0.02},"minecraft:behavior.move_indoors":{"priority":4,"speed_multiplier":0.8},"minecraft:behavior.move_towards_restriction":{"priority":7,"speed_multiplier":0.6},"minecraft:behavior.open_door":{"close_door_after":true,"priority":6},"minecraft:behavior.pickup_items":{"goal_radius":2,"max_dist":3,"priority":9,"speed_multiplier":0.5},"minecraft:behavior.random_stroll":{"priority":11,"speed_multiplier":0.6},"minecraft:behavior.restrict_open_door":{"priority":5},"minecraft:behavior.share_items":{"entity_types":[{"filters":{"subject":"other","test":"is_family","value":"my"}}],"goal_radius":10,"max_dist":10,"priority":8,"speed_multiplier":0.5},"minecraft:can_climb":{},"minecraft:collision_box":{"height":2,"width":0.63},"minecraft:damage_sensor":{"triggers":{"cause":"all","deals_damage":false}},"minecraft:equip_item":{},"minecraft:experience_reward":{"on_death":"query.last_hit_by_player ? 938 : 0"},"minecraft:fall_damage":{"max":0.1,"value":0.1},"minecraft:follow_range":{"max":50,"value":50},"minecraft:health":{"max":1,"value":1},"minecraft:jump.static":{},"minecraft:knockback_resistance":{"value":10},"minecraft:loot":{"table":"loot_tables/entities/noloot.json"},"minecraft:movement":{"value":0.3},"minecraft:movement.basic":{},"minecraft:navigation.walk":{"avoid_water":false,"can_open_doors":true,"can_pass_doors":true,"can_path_over_water":true,"can_walk":true,"is_amphibious":false},"minecraft:physics":{},"minecraft:scale":{"value":1},"minecraft:type_family":{"family":["mob","player","my_love"]},"minecraft:underwater_movement":{"value":0}},"description":{"identifier":"love:opheebop","is_experimental":true,"is_spawnable":false,"is_summonable":true}}}