{"animations":{"animation.mad":{"animation_length":6,"loop":false,"timeline":{"0":["@s shaking","/title @a actionbar §4The Mutant Enderman is §lAngry!!!"],"5":["@s mad"]}},"animation.menderman":{"animation_length":0.1,"loop":true,"timeline":{"0":["/effect @s clear","/spreadplayers ~ ~ 3 5 @s","@s stop_sans_miss"]}},"animation.menderman.roar_effect":{"animation_length":6,"loop":true,"timeline":{"0.0":"/camerashake add @a[r=5] 0.2 6 rotational","0.01":"/camerashake add @a[r=15] 0.1 6 rotational","0.02":"/camerashake add @a[r=25] 0.05 6 rotational","0.05":"/effect @e[type=player,r=10] nausea 10 10 true","0.1":"/effect @e[type=player,r=10] slowness 8 5 true","0.15":"/effect @e[type=player,r=4] blindness 8 5 true","0.2":"/weather clear","0.3":"/effect @e[type=player,r=10] weakness 20 2 true"}},"animation.teleportation_tester":{"animation_length":16,"loop":false,"timeline":{"15":["@s tp"]}}},"format_version":"1.10.0"}